1, ,Noun,||
2,12 pm,Noun,|12 pm|
3,1453 AD,Noun,|1453 AD|
4,146 BC,Noun,|146 BC|
5,164 BC,Noun,|164 BC|
6,167 BC,Noun,|167 BC|
7,168 BC,Noun,|168 BC|
8,170 BC,Noun,|170 BC|
9,171 BC,Noun,|171 BC|
10,175 BC,Noun,|175 BC|
11,187 BC,Noun,|187 BC|
12,190 BC,Noun,|190 BC|
13,192 BC,Noun,|192 BC|
14,193 BC,Noun,|193 BC|
15,198 BC,Noun,|198 BC|
16,1 John,Noun,|1 John|
17,1 Kings,Noun,|1 Kings|
18,1 Peter,Noun,|1s Peter|
19,1 pm,Noun,|1 pm|
20,200 BC,Noun,|200 BC|
21,203 BC,Noun,|203 BC|
22,217 BC,Noun,|217 BC|
23,222 BC,Noun,|222 BC|
24,223 BC,Noun,|223 BC|
25,225 BC,Noun,|225 BC|
26,240 BC,Noun,|240 BC|
27,246 BC,Noun,|246 BC|
28,261 BC,Noun,|261 BC|
29,27 BC,Noun,|27 BC|
30,281 BC,Noun,|281 BC|
31,285 BC,Noun,|285 BC|
32,2 John,Noun,|2 John|
33,2 Kings,Noun,|2 Kings|
34,2 Peter,Noun,|2 Peter|
35,312 BC,Noun,|312 BC|
36,323 BC,Noun,|323 BC|
37,330 AD,Noun,|330 AD|
38,330 BC,Noun,|330 BC|
39,336 BC,Noun,|336 BC|
40,3 am,Noun,|3 am|
41,3 John,Noun,|3 John|
42,424 BC,Noun,|424 BC|
43,465 BC,Noun,|465s BC|
44,474 BC,Noun,|474s BC|
45,476 AD,Noun,|476 AD|
46,479 BC,Noun,|479s BC|
47,480 BC,Noun,|480s BC|
48,481 BC,Noun,|481s BC|
49,483 BC,Noun,|483s BC|
50,484 BC,Noun,|484s BC|
51,486 BC,Noun,|486s BC|
52,521 BC,Noun,|521 BC|
53,522 BC,Noun,|522 BC|
54,529 BC,Noun,|529 BC|
55,530 BC,Noun,|530 BC|
56,539 BC,Noun,|539 BC|
57,550 BC,Noun,|550 BC|
58,605 BC,Noun,|605 BC|
59,612 BC,Noun,|612 BC|
60,660 BC,Noun,|660s BC|
61,6 am,Noun,|6 am|
62,701 BC,Noun,|701 BC|
63,9 pm,Noun,|9 pm|
64,Aaron,Noun,|Aarons|
65,Abaddon,Noun,|Abaddons|
66,Abagtha,Noun,|Abagthas|
67,abba,Noun,|abbas|
68,Abda,Noun,|Abdas|
69,Abdon,Noun,|Abdons|
70,Abdon,Noun,|Abdons|
71,Abednego,Noun,|Abednegos|
72,Abel,Noun,|Abels|
73,Abel-Meholah,Noun,|Abel-Meholahs|
74,Abel Beth Maakah,Noun,|Abels Beth Maakah|
75,Abel Keramim,Noun,|Abels Keramim|
76,Abel Mizraim,Noun,|Abels Mizraim|
77,Abi-Albon,Noun,|Abi-Albons|
78,Abiasaph,Noun,|Abiasaphs|
79,Abiathar,Noun,|Abiathars|
80,Abib,Noun,|Abibs|
81,Abida,Noun,|Abidas|
82,Abiel,Noun,|Abiels|
83,Abiezer,Noun,|Abiezers|
84,Abiezrite,Noun,|Abiezrites|
85,Abigail,Noun,|Abigails|
86,Abihail,Noun,|Abihails|
87,Abihu,Noun,|Abihus|
88,Abihud,Noun,|Abihuds|
89,Abijah,Noun,|Abijahs|
90,Abilene,Noun,|Abilenes|
91,Abimael,Noun,|Abimaels|
92,Abimelech,Noun,|Abimeleches|
93,Abimelek,Noun,|Abimeleks|
94,Abinadab,Noun,|Abinadabs|
95,Abinoam,Noun,|Abinoams|
96,Abishag,Noun,|Abishags|
97,Abishai,Noun,|Abishais|
98,Abital,Noun,|Abitals|
99,Abner,Noun,|Abners|
100,Abraham,Noun,|Abrahams|
101,Abram,Noun,|Abrams|
102,Absalom,Noun,|Absaloms|
103,Acacia,Noun,|Acacias|
104,Acbor,Noun,|Acbors|
105,Achaia,Noun,|Achaias|
106,Achan,Noun,|Achans|
107,Achim,Noun,|Achims|
108,Achish,Noun,|Achishes|
109,Achor,Noun,|Achors|
110,acre,Noun,|acres|
111,Acsah,Noun,|Acsahs|
112,action,Noun,|actions|
113,activity,Noun,|activities|
114,Acts,Noun,|Acts|
115,Aczib,Noun,|Aczibs|
116,Adadah,Noun,|Adadahs|
117,Adah,Noun,|Adahs|
118,Adaiah,Noun,|Adaiahs|
119,Adalia,Noun,|Adalias|
120,Adam,Noun,|Adams|
121,Adam,Noun,|Adams|
122,Adamah,Noun,|Adamahs|
123,Adami Nekeb,Noun,|Adamis Nekeb|
124,Adar,Noun,|Adars|
125,Adbeel,Noun,|Adbeels|
126,Addar,Noun,|Addars|
127,Addi,Noun,|Addis|
128,Addon,Noun,|Addons|
129,Adin,Noun,|Adins|
130,Adin,Noun,|Adins|
131,Adithaim,Noun,|Adithaims|
132,Admah,Noun,|Admahs|
133,Admatha,Noun,|Admathas|
134,Admin,Noun,|Admins|
135,Adna,Noun,|Adnas|
136,Adoni-Bezek,Noun,|Adoni-Bezeks|
137,Adoni-Zedek,Noun,|Adoni-Zedeks|
138,Adonijah,Noun,|Adonijahs|
139,Adonikam,Noun,|Adonikams|
140,Adoniram,Noun,|Adonirams|
141,Adramyttium,Noun,|Adramyttiums|
142,Adriel,Noun,|Adriels|
143,Adullam,Noun,|Adullams|
144,adult,Noun,|adults|
145,adultery,Noun,|adultery|
146,advice,Noun,|advice|
147,adviser,Noun,|advisers|
148,Aeneas,Noun,|Aeneases|
149,Aenon,Noun,|Aenons|
150,Africa,Noun,|Africas|
151,afternoon,Noun,|afternoons|
152,Agabus,Noun,|Agabuses|
153,Agag,Noun,|Agags|
154,Agagite,Noun,|Agagites|
155,age,Noun,|ages|
156,Agee,Noun,|Agees|
157,agreement,Noun,|agreements|
158,Agrippa,Noun,|Agrippas|
159,Agur,Noun,|Agurs|
160,Agus,Noun,|Aguses|
161,Ahab,Noun,|Ahabs|
162,Ahasbai,Noun,|Ahasbais|
163,Ahaz,Noun,|Ahazs|
164,Ahiah,Noun,|Ahiahs|
165,Ahiam,Noun,|Ahiams|
166,Ahijah,Noun,|Ahijahs|
167,Ahilud,Noun,|Ahiluds|
168,Ahimaaz,Noun,|Ahimaazs|
169,Ahiman,Noun,|Ahimans|
170,Ahimelek,Noun,|Ahimeleks|
171,Ahinadab,Noun,|Ahinadabs|
172,Ahinoam,Noun,|Ahinoams|
173,Ahio,Noun,|Ahios|
174,Ahishar,Noun,|Ahishars|
175,Ahithophel,Noun,|Ahithophels|
176,Ahitub,Noun,|Ahitubs|
177,Ahlab,Noun,|Ahlabs|
178,Ahoh,Noun,|Ahohs|
179,Ahohi,Noun,|Ahohis|
180,Ahuzzath,Noun,|Ahuzzaths|
181,Ahzai,Noun,|Ahzais|
182,Ai,Noun,|Ais|
183,Aiah,Noun,|Aiahs|
184,AIDS,Noun,|AIDS|
185,Aija,Noun,|Aijas|
186,Aijalon,Noun,|Aijalons|
187,Ain,Noun,|Ains|
188,air,Noun,|air|
189,Ajani,Noun,|Ajanis|
190,Akan,Noun,|Akans|
191,Akbor,Noun,|Akbors|
192,Akeldama,Noun,|Akeldamas|
193,Akim,Noun,|Akims|
194,Akkad,Noun,|Akkads|
195,Akko,Noun,|Akkos|
196,Akkub,Noun,|Akkubs|
197,Aksah,Noun,|Aksahs|
198,Akshaph,Noun,|Akshaphs|
199,Akzib,Noun,|Akzibs|
200,alabaster,Noun,|alabaster|
201,alcohol,Noun,|alcohol|
202,Alex,Noun,|Alexes|
203,Alexander,Noun,|Alexanders|
204,Alexander the Great,Noun,|Alexanders the Great|
205,Alexandria,Noun,|Alexandrias|
206,Allammelek,Noun,|Allammeleks|
207,Allon Bakuth,Noun,|Allons Bakuth|
208,Almodad,Noun,|Almodads|
209,Almon,Noun,|Almons|
210,almond,Noun,|almonds|
211,aloe,Noun,|aloes|
212,Aloth,Noun,|Aloths|
213,Alphaeus,Noun,|Alphaeuses|
214,altar,Noun,|altars|
215,Alvah,Noun,|Alvahs|
216,Alvan,Noun,|Alvans|
217,Amad,Noun,|Amads|
218,Amalek,Noun,|Amaleks|
219,Amalek,Noun,|Amaleks|
220,Amalekite,Noun,|Amalekites|
221,Amam,Noun,|Amams|
222,Amariah,Noun,|Amariahs|
223,Amasa,Noun,|Amasas|
224,Amashsai,Noun,|Amashsais|
225,Amen,Noun,|Amens|
226,Amittai,Noun,|Amittais|
227,Ammah,Noun,|Ammahs|
228,Ammiel,Noun,|Ammiels|
229,Ammihud,Noun,|Ammihuds|
230,Amminadab,Noun,|Amminadabs|
231,Ammon,Noun,|Ammons|
232,Ammonite,Noun,|Ammonites|
233,Amnon,Noun,|Amnons|
234,Amok,Noun,|Amoks|
235,Amon,Noun,|Amons|
236,Amorite,Noun,|Amorites|
237,Amos,Noun,|Amoses|
238,Amos,Noun,|Amoses|
239,amount,Noun,|amounts|
240,Amphipolis,Noun,|Amphipolises|
241,Amram,Noun,|Amrams|
242,Amraphel,Noun,|Amraphels|
243,Amzi,Noun,|Amzis|
244,Anab,Noun,|Anabs|
245,Anah,Noun,|Anahs|
246,Anah,Noun,|Anahs|
247,Anaharath,Noun,|Anaharaths|
248,Anaiah,Noun,|Anaiahs|
249,Anak,Noun,|Anaks|
250,Anakite,Noun,|Anakites|
251,Anamite,Noun,|Anamites|
252,Anan,Noun,|Anans|
253,Ananiah,Noun,|Ananiahs|
254,Ananiah,Noun,|Ananiahs|
255,Ananias,Noun,|Ananiases|
256,Anath,Noun,|Anaths|
257,Anathoth,Noun,|Anathoths|
258,ancestor,Noun,|ancestors|
259,anchor,Noun,|anchors|
260,Ancient of Days,Noun,|Ancient of Days|
261,Andrew,Noun,|Andrews|
262,Aner,Noun,|Aners|
263,angel,Noun,|angels|
264,anger,Noun,|anger|
265,Anim,Noun,|Anims|
266,animal,Noun,|animals|
267,ankle,Noun,|ankles|
268,Anna,Noun,|Annas|
269,Annas,Noun,|Annases|
270,Anointed One,Noun,|Anointeds One|
271,answer,Noun,|answers|
272,ant,Noun,|ants|
273,antichrist,Noun,|antichrists|
274,Antioch,Noun,|Antioches|
275,Antiochus III the Great,Noun,|Antiochuses|
276,Antiochus II Theos,Noun,|Antiochuses|
277,Antiochus IV Epiphanes,Noun,|Antiochuses|
278,Antiochus the Great,Noun,|Antiochuses|
279,Antiochus Theos,Noun,|Antiochuses|
280,Antipas,Noun,|Antipases|
281,Antipatris,Noun,|Antipatrises|
282,ape,Noun,|apes|
283,Aphek,Noun,|Apheks|
284,Aphekah,Noun,|Aphekahs|
285,Aphekk,Noun,|Aphekks|
286,Aphiah,Noun,|Aphiahs|
287,Apollonia,Noun,|Apollonias|
288,Apollos,Noun,|Apolloses|
289,apostle,Noun,|apostles|
290,Apphia,Noun,|Apphias|
291,Appius,Noun,|Appiuses|
292,apple,Noun,|apples|
293,April,Noun,|Aprils|
294,Aquila,Noun,|Aquilas|
295,Arab,Noun,|Arabs|
296,Arabah,Noun,|Arabahs|
297,Arabia,Noun,|Arabias|
298,Arad,Noun,|Arads|
299,Arah,Noun,|Arahs|
300,Aram,Noun,|Arams|
301,Aram,Noun,|Arams|
302,Aram,Noun,|Arams|
303,Aramaic,Noun,|Aramaics|
304,Aramean,Noun,|Arameans|
305,Aram Naharaim,Noun,|Arams Naharaim|
306,Aran,Noun,|Arans|
307,Ararat,Noun,|Ararats|
308,Araunah,Noun,|Araunahs|
309,Arba,Noun,|Arbas|
310,Arbah,Noun,|Arbahs|
311,Archelaus,Noun,|Archelauses|
312,Archippus,Noun,|Archippuses|
313,Ard,Noun,|Ards|
314,area,Noun,|areas|
315,Areli,Noun,|Arelis|
316,Areopagus,Noun,|Areopagus|
317,Argob,Noun,|Argobs|
318,argument,Noun,|arguments|
319,Aridai,Noun,|Aridais|
320,Aridatha,Noun,|Aridathas|
321,Arimathea,Noun,|Arimatheas|
322,Arioch,Noun,|Arioches|
323,Arisai,Noun,|Arisais|
324,Aristarchus,Noun,|Aristarchuses|
325,ark,Noun,|arks|
326,Arkite,Noun,|Arkites|
327,ark of the covenant,Noun,|arks of the covenant|
328,arm,Noun,|arms|
329,Armageddon,Noun,|Armageddons|
330,Armoni,Noun,|Armonis|
331,armor,Noun,|armor|
332,army,Noun,|armies|
333,Arni,Noun,|Arnis|
334,Arnon,Noun,|Arnons|
335,Arnon Valley,Noun,|Arnons Valley|
336,Arodi,Noun,|Arodis|
337,Aroer,Noun,|Aroers|
338,Arphaxad,Noun,|Arphaxads|
339,arrow,Noun,|arrows|
340,Artabanus,Noun,|Artabanuses|
341,Artaxerxes,Noun,|Artaxerxeses|
342,Artemas,Noun,|Artemases|
343,Artemis,Noun,|Artemises|
344,Arubboth,Noun,|Arubboths|
345,Arumah,Noun,|Arumahs|
346,Arvadite,Noun,|Arvadites|
347,Asa,Noun,|Asas|
348,Asahel,Noun,|Asahels|
349,Asaph,Noun,|Asaphs|
350,Asenath,Noun,|Asenaths|
351,ash,Noun,|ashes|
352,Ashan,Noun,|Ashans|
353,Ashbel,Noun,|Ashbels|
354,Ashdod,Noun,|Ashdods|
355,Asher,Noun,|Ashers|
356,Asher,Noun,|Ashers|
357,Asherah,Noun,|Asherahs|
358,Ashkelon,Noun,|Ashkelons|
359,Ashkenaz,Noun,|Ashkenazs|
360,Ashnah,Noun,|Ashnahs|
361,Ashpenaz,Noun,|Ashpenazs|
362,Ashtaroth,Noun,|Ashtaroths|
363,Ashteroth Karnaim,Noun,|Ashteroths Karnaim|
364,Ashtoreth,Noun,|Ashtoreths|
365,Ashuri,Noun,|Ashuris|
366,Ashurite,Noun,|Ashurites|
367,Asia,Noun,|Asias|
368,Asia Minor,Noun,|Asias Minor|
369,Aspatha,Noun,|Aspathas|
370,Asriel,Noun,|Asriels|
371,Asshur,Noun,|Asshurs|
372,Assir,Noun,|Assirs|
373,Assos,Noun,|Assoses|
374,Assyria,Noun,|Assyrias|
375,astrologer,Noun,|astrologers|
376,Atad,Noun,|Atads|
377,Ataroth,Noun,|Ataroths|
378,Ataroth Addar,Noun,|Ataroths Addar|
379,Ater,Noun,|Aters|
380,Ater,Noun,|Aters|
381,Athaiah,Noun,|Athaiahs|
382,Athak,Noun,|Athaks|
383,Athens,Noun,|Athenses|
384,Attalia,Noun,|Attalias|
385,Augustus,Noun,|Augustuses|
386,authority,Noun,|authority|
387,Avian Influenza,Noun,|Avian Influenza|
388,Avith,Noun,|Aviths|
389,Aviv,Noun,|Avivs|
390,Avvim,Noun,|Avvims|
391,Avvite,Noun,|Avvites|
392,axe,Noun,|axes|
393,Azaniah,Noun,|Azaniahs|
394,Azarel,Noun,|Azarels|
395,Azariah,Noun,|Azariahs|
396,Azbuk,Noun,|Azbuks|
397,Azekah,Noun,|Azekahs|
398,Azgad,Noun,|Azgads|
399,Azgad,Noun,|Azgads|
400,Azmaveth,Noun,|Azmaveths|
401,Azmon,Noun,|Azmons|
402,Aznoth Tabor,Noun,|Aznoths Tabor|
403,Azor,Noun,|Azors|
404,Azotus,Noun,|Azotuses|
405,Azrikam,Noun,|Azrikams|
406,Azzur,Noun,|Azzurs|
407,Baal,Noun,|Baals|
408,Baal-Hanan,Noun,|Baal-Hanans|
409,Baalah,Noun,|Baalahs|
410,Baalath,Noun,|Baalaths|
411,Baalath Beer,Noun,|Baalaths Beer|
412,Baal Berith,Noun,|Baals Berith|
413,Baal Gad,Noun,|Baals Gad|
414,Baal Hazor,Noun,|Baals Hazor|
415,Baal Perazim,Noun,|Baals Perazim|
416,Baal Tamar,Noun,|Baals Tamar|
417,Baal Zephon,Noun,|Baals Zephon|
418,Baana,Noun,|Baanas|
419,Baanah,Noun,|Baanahs|
420,Babel,Noun,|Babels|
421,baby,Noun,|babies|
422,baby,Noun,|babies|
423,Babylon,Noun,|Babylons|
424,Babylonia,Noun,|Babylonias|
425,Babylonian,Noun,|Babylonians|
426,back,Noun,|backs|
427,badger rock,Noun,|badgers|
428,bag,Noun,|bags|
429,Bahurim,Noun,|Bahurims|
430,Bakbuk,Noun,|Bakbuks|
431,Bakbukiah,Noun,|Bakbukiahs|
432,Balaam,Noun,|Balaams|
433,Balah,Noun,|Balahs|
434,Balak,Noun,|Balaks|
435,bamboo,Noun,|bamboo|
436,Bamoth Baal,Noun,|Bamoths Baal|
437,bandage,Noun,|bandages|
438,Bani,Noun,|Banis|
439,bank,Noun,|banks|
440,Baptist,Noun,|Baptists|
441,bar,Noun,|bars|
442,Bar-Jesus,Noun,|Bar-Jesuses|
443,Barabbas,Noun,|Barabbases|
444,Barak,Noun,|Baraks|
445,Barhum,Noun,|Barhums|
446,bark,Noun,|bark|
447,Barkos,Noun,|Barkoses|
448,barley,Noun,|barley|
449,barn,Noun,|barns|
450,Barnabas,Noun,|Barnabases|
451,Barsabbas,Noun,|Barsabbases|
452,Bartholomew,Noun,|Bartholomews|
453,Bartimaeus,Noun,|Bartimaeuses|
454,Baruch,Noun,|Baruches|
455,Barzillai,Noun,|Barzillais|
456,base,Noun,|bases|
457,Basemath,Noun,|Basemaths|
458,Bashan,Noun,|Bashans|
459,basket,Noun,|baskets|
460,bathroom,Noun,|bathrooms|
461,Bathsheba,Noun,|Bathshebas|
462,battle,Noun,|battles|
463,battlefield,Noun,|battlefields|
464,bay,Noun,|bays|
465,Bazluth,Noun,|Bazluths|
466,beak,Noun,|beaks|
467,Bealoth,Noun,|Bealoths|
468,beam,Noun,|beams|
469,bean,Noun,|beans|
470,bear,Noun,|bears|
471,beard,Noun,|beards|
472,beast,Noun,|beasts|
473,Beautiful,Noun,|Beautifuls|
474,Beautiful Land,Noun,|Beautifuls Land|
475,beauty,Noun,|beauty|
476,Bebai,Noun,|Bebais|
477,Bebai,Noun,|Bebais|
478,Becorath,Noun,|Becoraths|
479,bed,Noun,|beds|
480,Bedad,Noun,|Bedads|
481,bedroom,Noun,|bedrooms|
482,bee,Noun,|bees|
483,Beelzebul,Noun,|Beelzebuls|
484,beer,Noun,|beer|
485,Beer,Noun,|Beers|
486,Beer-Lahai-Roi,Noun,|Beer-Lahai-Rois|
487,Beeri,Noun,|Beeris|
488,Beeroth,Noun,|Beeroths|
489,Beersheba,Noun,|Beershebas|
490,Be Eshtarah,Noun,|Bes Eshtarah|
491,beginning,Noun,|beginnings|
492,beka,Noun,|bekas|
493,Beker,Noun,|Bekers|
494,Bekorath,Noun,|Bekoraths|
495,Bela,Noun,|Belas|
496,Bela,Noun,|Belas|
497,believer,Noun,|believers|
498,Belshazzar,Noun,|Belshazzars|
499,belt,Noun,|belts|
500,Belteshazzar,Noun,|Belteshazzars|
501,Ben-Abinadab,Noun,|Ben-Abinadabs|
502,Ben-Ammi,Noun,|Ben-Ammis|
503,Ben-Deker,Noun,|Ben-Dekers|
504,Ben-Geber,Noun,|Ben-Gebers|
505,Ben-Hesed,Noun,|Ben-Heseds|
506,Ben-Hur,Noun,|Ben-Hurs|
507,Ben-Oni,Noun,|Ben-Onis|
508,Benaiah,Noun,|Benaiahs|
509,Bene Berak,Noun,|Benes Berak|
510,Ben Hinnom,Noun,|Bens Hinnom|
511,Beninu,Noun,|Beninus|
512,Benjamin,Noun,|Benjamins|
513,Benjamite,Noun,|Benjamites|
514,Beor,Noun,|Beors|
515,Bera,Noun,|Beras|
516,Berea,Noun,|Bereas|
517,Bered,Noun,|Bereds|
518,Berekiah,Noun,|Berekiahs|
519,Berenice,Noun,|Berenices|
520,Beriah,Noun,|Beriahs|
521,Berite,Noun,|Berites|
522,Bernice,Noun,|Bernices|
523,Beroth,Noun,|Beroths|
524,Berothai,Noun,|Berothais|
525,berry,Noun,|berries|
526,Besai,Noun,|Besais|
527,Besodeiah,Noun,|Besodeiahs|
528,Besor,Noun,|Besors|
529,Beten,Noun,|Betens|
530,Beth-Anath,Noun,|Beth-Anaths|
531,Beth-Barah,Noun,|Beth-Barahs|
532,Beth-Shan,Noun,|Beth-Shans|
533,Beth-Shemesh,Noun,|Beth-Shemeshes|
534,Beth-Shittah,Noun,|Beth-Shittahs|
535,Beth Anoth,Noun,|Beths Anoth|
536,Bethany,Noun,|Bethanies|
537,Beth Arabah,Noun,|Beths Arabah|
538,Beth Aven,Noun,|Beths Aven|
539,Beth Azmaveth,Noun,|Beths Azmaveth|
540,Beth Baal Meon,Noun,|Beths Baal Meon|
541,Beth Dagon,Noun,|Beths Dagon|
542,Bethel,Noun,|Bethels|
543,Beth Emek,Noun,|Beths Emek|
544,Bethesda,Noun,|Bethesdas|
545,Beth Gilgal,Noun,|Beths Gilgal|
546,Beth Hakkerem,Noun,|Beths Hakkerem|
547,Beth Haram,Noun,|Beths Haram|
548,Beth Hoglah,Noun,|Beths Hoglah|
549,Beth Horon,Noun,|Beths Horon|
550,Beth Jeshimoth,Noun,|Beths Jeshimoth|
551,Beth Kar,Noun,|Beths Kar|
552,Beth Lebaoth,Noun,|Beths Lebaoth|
553,Bethlehem,Noun,|Bethlehems|
554,Beth Markaboth,Noun,|Beths Markaboth|
555,Beth Millo,Noun,|Beths Millo|
556,Beth Nimrah,Noun,|Beths Nimrah|
557,Beth Pazzez,Noun,|Beths Pazzez|
558,Beth Pelet,Noun,|Beths Pelet|
559,Beth Peor,Noun,|Beths Peor|
560,Bethphage,Noun,|Bethphages|
561,Beth Rehob,Noun,|Beths Rehob|
562,Bethsaida,Noun,|Bethsaidas|
563,Beth Tappuah,Noun,|Beths Tappuah|
564,Bethuel,Noun,|Bethuels|
565,Bethul,Noun,|Bethuls|
566,Beth Zur,Noun,|Beths Zur|
567,Betonim,Noun,|Betonims|
568,Bezai,Noun,|Bezais|
569,Bezai,Noun,|Bezais|
570,Bezek,Noun,|Bezeks|
571,Bezer,Noun,|Bezers|
572,Bigtha,Noun,|Bigthas|
573,Bigthana,Noun,|Bigthanas|
574,Bigvai,Noun,|Bigvais|
575,Bikri,Noun,|Bikris|
576,Bilgah,Noun,|Bilgahs|
577,Bilgai,Noun,|Bilgais|
578,Bilhah,Noun,|Bilhahs|
579,Bilhan,Noun,|Bilhans|
580,bill,Noun,|bills|
581,Bilshan,Noun,|Bilshans|
582,Binnui,Noun,|Binnuis|
583,bird,Noun,|birds|
584,Birsha,Noun,|Birshas|
585,birth,Noun,|births|
586,birthday,Noun,|birthdays|
587,Bithynia,Noun,|Bithynias|
588,Biziothiah,Noun,|Biziothiahs|
589,Biztha,Noun,|Bizthas|
590,blade,Noun,|blades|
591,blanket,Noun,|blankets|
592,Blastus,Noun,|Blastuses|
593,bleach,Noun,|bleach|
594,blessing,Noun,|blessings|
595,block,Noun,|blocks|
596,blood,Noun,|blood|
597,Boanerges,Noun,|Boanergeses|
598,board,Noun,|boards|
599,boat,Noun,|boats|
600,Boaz,Noun,|Boazs|
601,body,Noun,|bodies|
602,Bohan,Noun,|Bohans|
603,boil,Noun,|boils|
604,Bokim,Noun,|Bokims|
605,bone,Noun,|bones|
606,book,Noun,|books|
607,Book of Life,Noun,|Books of Life|
608,Book of Moses,Noun,|Books of Moses|
609,book of the annals,Noun,|books of the annals|
610,Book of the Law,Noun,|Books of the Law|
611,Book of the Law of God,Noun,|Books of the Law of God|
612,Book of the Law of Moses,Noun,|Books of the Law of Moses|
613,Book of Truth,Noun,|Books of Truth|
614,Bor Ashan,Noun,|Bors Ashan|
615,border,Noun,|borders|
616,boss,Noun,|bosses|
617,bottom,Noun,|bottoms|
618,bow,Noun,|bows|
619,bowl,Noun,|bowls|
620,box,Noun,|boxes|
621,box treasury,Noun,|boxes|
622,boy,Noun,|boys|
623,Bozez,Noun,|Bozezs|
624,Bozkath,Noun,|Bozkaths|
625,Bozrah,Noun,|Bozrahs|
626,bracelet,Noun,|bracelets|
627,branch,Noun,|branches|
628,bread,Noun,|bread|
629,breast,Noun,|breasts|
630,breast-milk,Noun,|breast-milk|
631,breastplate,Noun,|breastplates|
632,bribe,Noun,|bribes|
633,brick,Noun,|bricks|
634,bride,Noun,|brides|
635,bridle,Noun,|bridles|
636,bronze,Noun,|bronze|
637,brother,Noun,|brothers|
638,brother,Noun,|brothers|
639,brother,Noun,|brothers|
640,brother-in-law,Noun,|brother-in-laws|
641,bucket,Noun,|buckets|
642,building,Noun,|buildings|
643,Bul,Noun,|Buls|
644,bull,Noun,|bulls|
645,Bunni,Noun,|Bunnis|
646,bush,Noun,|bushes|
647,butter,Noun,|butter|
648,Buz,Noun,|Buzs|
649,Byblos,Noun,|Bybloses|
650,Cabbon,Noun,|Cabbons|
651,Caesar,Noun,|Caesars|
652,Caesarea,Noun,|Caesareas|
653,Caesarea Philippi,Noun,|Caesareas Philippi|
654,cage,Noun,|cages|
655,Caiaphas,Noun,|Caiaphases|
656,Cain,Noun,|Cains|
657,Cainan,Noun,|Cainans|
658,cake,Noun,|cakes|
659,Calah,Noun,|Calahs|
660,Caleb,Noun,|Calebs|
661,calf,Noun,|calves|
662,Callinicus,Noun,|Callinicuses|
663,Calneh,Noun,|Calnehs|
664,Cambyses,Noun,|Cambyseses|
665,camel,Noun,|camels|
666,camp,Noun,|camps|
667,Cana,Noun,|Canas|
668,Canaan,Noun,|Canaans|
669,Canaan,Noun,|Canaans|
670,Canaanite,Noun,|Canaanites|
671,Candace,Noun,|Candaces|
672,candle,Noun,|candles|
673,Capernaum,Noun,|Capernaums|
674,Caphtorite,Noun,|Caphtorites|
675,capital,Noun,|capitals|
676,Cappadocia,Noun,|Cappadocias|
677,captain,Noun,|captains|
678,Carcas,Noun,|Carcases|
679,Carmel,Noun,|Carmels|
680,Carmi,Noun,|Carmis|
681,carpenter,Noun,|carpenters|
682,Carshena,Noun,|Carshenas|
683,Casluhite,Noun,|Casluhites|
684,castanet,Noun,|castanets|
685,cat,Noun,|cats|
686,cattle,Noun,|cattle|
687,Cauda,Noun,|Caudas|
688,cave,Noun,|caves|
689,cave of Adullam,Noun,|caves of Adullam|
690,cedar,Noun,|cedar|
691,cemetery,Noun,|cemeteries|
692,Cenchreae,Noun,|Cenchreaes|
693,center,Noun,|centers|
694,centimeter,Noun,|centimeters|
695,centurion,Noun,|centurions|
696,Cephas,Noun,|Cephases|
697,Ceraunus,Noun,|Ceraunuses|
698,chaff,Noun,|chaff|
699,chain,Noun,|chains|
700,chair,Noun,|chairs|
701,Chaldea,Noun,|Chaldeas|
702,Chaldean,Noun,|Chaldeans|
703,chapter,Noun,|chapters|
704,characteristic,Noun,|characteristics|
705,chariot,Noun,|chariots|
706,chasm,Noun,|chasms|
707,cheek,Noun,|cheeks|
708,cheese,Noun,|cheese|
709,Chemosh,Noun,|Chemoshes|
710,cherub,Noun,|cherubim|
711,chest,Noun,|chests|
712,chicken,Noun,|chickens|
713,chief,Noun,|chiefs|
714,Chief,Noun,|Chiefs|
715,child,Noun,|children|
716,Chios,Noun,|Chioses|
717,choice,Noun,|choices|
718,choir,Noun,|choirs|
719,Chorazin,Noun,|Chorazins|
720,Christ,Noun,|Christs|
721,Christ,Noun,|Christs|
722,Christian,Noun,|Christians|
723,church,Noun,|churches|
724,Chuza,Noun,|Chuzas|
725,Cilicia,Noun,|Cilicias|
726,cinnamon,Noun,|cinnamon|
727,circle,Noun,|circles|
728,cistern,Noun,|cisterns|
729,citizen,Noun,|citizens|
730,City of David,Noun,|Cities|
731,city,Noun,|cities|
732,City of Palms,Noun,|Cities|
733,City of Salt,Noun,|Cities|
734,clan,Noun,|clans|
735,Claudius,Noun,|Claudiuses|
736,claw,Noun,|claws|
737,clay,Noun,|clay|
738,Clement,Noun,|Clements|
739,Cleopas,Noun,|Cleopases|
740,Cleopatra,Noun,|Cleopatras|
741,Cleopatra I Syra,Noun,|Cleopatras I Syra|
742,cliff,Noun,|cliffs|
743,clinic,Noun,|clinics|
744,cloth,Noun,|cloths|
745,clothes,Noun,|clothes|
746,cloud,Noun,|clouds|
747,club,Noun,|clubs|
748,Cnidus,Noun,|Cniduses|
749,coal,Noun,|coal|
750,coast,Noun,|coasts|
751,coat,Noun,|coats|
752,coffin,Noun,|coffins|
753,coin,Noun,|coins|
754,cold,Noun,|colds|
755,collector tax,Noun,|collectors|
756,color,Noun,|colors|
757,Colossae,Noun,|Colossaes|
758,Colossians,Noun,|Colossians|
759,colt,Noun,|colts|
760,comb,Noun,|combs|
761,command,Noun,|commands|
762,commander,Noun,|commanders|
763,commandment,Noun,|commandments|
764,companion,Noun,|companions|
765,compassion,Noun,|compassion|
766,concubine,Noun,|concubines|
767,condom,Noun,|condoms|
768,conscience,Noun,|consciences|
769,container,Noun,|containers|
770,conversation,Noun,|conversations|
771,copper,Noun,|copper|
772,copy,Noun,|copies|
773,cor,Noun,|cors|
774,Corban,Noun,|Corbans|
775,Corinth,Noun,|Corinths|
776,Cornelius,Noun,|Corneliuses|
777,corner,Noun,|corners|
778,corpse,Noun,|corpses|
779,Cos,Noun,|Coses|
780,Cosam,Noun,|Cosams|
781,couch,Noun,|couches|
782,council,Noun,|councils|
783,country,Noun,|countries|
784,courage,Noun,|courage|
785,court,Noun,|courts|
786,courtyard,Noun,|courtyards|
787,cousin,Noun,|cousins|
788,covenant,Noun,|covenants|
789,cover,Noun,|covers|
790,cow,Noun,|cows|
791,creature,Noun,|creatures|
792,Crete,Noun,|Cretes|
793,crime,Noun,|crimes|
794,criminal,Noun,|criminals|
795,Crispus,Noun,|Crispuses|
796,crop,Noun,|crops|
797,cross,Noun,|crosses|
798,crowd,Noun,|crowds|
799,crown,Noun,|crowns|
800,cub,Noun,|cubs|
801,cubit,Noun,|cubits|
802,cumin,Noun,|cumin|
803,cup,Noun,|cups|
804,curtain,Noun,|curtains|
805,curve,Noun,|curves|
806,Cush,Noun,|Cushes|
807,Cush,Noun,|Cushes|
808,Cushan,Noun,|Cushans|
809,Cushan-Rishathaim,Noun,|Cushan-Rishathaims|
810,cushion,Noun,|cushions|
811,custom,Noun,|customs|
812,cymbal,Noun,|cymbals|
813,Cyprus,Noun,|Cypruses|
814,Cyrene,Noun,|Cyrenes|
815,Cyrus,Noun,|Cyruses|
816,Cyrus II,Noun,|Cyruses|
817,Dabbesheth,Noun,|Dabbesheths|
818,Daberath,Noun,|Daberaths|
819,Dagon,Noun,|Dagons|
820,Dalmanutha,Noun,|Dalmanuthas|
821,Dalphon,Noun,|Dalphons|
822,damage,Noun,|damages|
823,Damaris,Noun,|Damarises|
824,Damascus,Noun,|Damascuses|
825,Dan,Noun,|Dans|
826,Dan,Noun,|Dans|
827,Dan,Noun,|Dans|
828,danger,Noun,|danger|
829,Daniel,Noun,|Daniels|
830,Danite,Noun,|Danites|
831,Dan Jaan,Noun,|Dans Jaan|
832,Dannah,Noun,|Dannahs|
833,Darda,Noun,|Dardas|
834,Darius,Noun,|Dariuses|
835,Darius I Hystaspes,Noun,|Dariuses|
836,darkness,Noun,|darkness|
837,Darkon,Noun,|Darkons|
838,date,Noun,|dates|
839,daughter,Noun,|daughters|
840,daughter-in-law,Noun,|daughters-in-law|
841,David,Noun,|Davids|
842,day,Noun,|days|
843,Day of Atonement,Noun,|Daies|
844,deacon,Noun,|deacons|
845,dead,Noun,|dead|
846,death,Noun,|death|
847,Debir,Noun,|Debirs|
848,Debir,Noun,|Debirs|
849,Deborah,Noun,|Deborahs|
850,debt,Noun,|debts|
851,Decapolis,Noun,|Decapolises|
852,decision,Noun,|decisions|
853,decree,Noun,|decrees|
854,Dedan,Noun,|Dedans|
855,deer,Noun,|deer|
856,Delaiah,Noun,|Delaiahs|
857,Delilah,Noun,|Delilahs|
858,Demas,Noun,|Demases|
859,Demetrius,Noun,|Demetriuses|
860,demon,Noun,|demons|
861,den,Noun,|dens|
862,denarius,Noun,|denarii|
863,depth,Noun,|depths|
864,Derbe,Noun,|Derbes|
865,descendant,Noun,|descendants|
866,desert,Noun,|deserts|
867,desert Sinai,Noun,|deserts|
868,Desert of Beersheba,Noun,|Deserts of Beersheba|
869,Desert of Beth Aven,Noun,|Deserts of Beth Aven|
870,Desert of En Gedi,Noun,|Deserts of En Gedi|
871,Desert of Negev,Noun,|Deserts of Negev|
872,Desert of Paran,Noun,|Deserts of Paran|
873,Desert of Sin,Noun,|Deserts of Sin|
874,Desert of Zin,Noun,|Deserts of Zin|
875,Desert of Ziph,Noun,|Deserts of Ziph|
876,desire,Noun,|desires|
877,Deuteronomy,Noun,|Deuteronomies|
878,device,Noun,|devices|
879,devil,Noun,|devils|
880,dew,Noun,|dew|
881,Dibon,Noun,|Dibons|
882,Didymus,Noun,|Didymuses|
883,Diklah,Noun,|Diklahs|
884,Dilean,Noun,|Dileans|
885,dill,Noun,|dill|
886,Dimnah,Noun,|Dimnahs|
887,Dimonah,Noun,|Dimonahs|
888,Dinah,Noun,|Dinahs|
889,Dinhabah,Noun,|Dinhabahs|
890,dinner,Noun,|dinners|
891,Dionysius,Noun,|Dionysiuses|
892,Diotrephes,Noun,|Diotrepheses|
893,direction,Noun,|directions|
894,director,Noun,|directors|
895,dirt,Noun,|dirt|
896,disaster,Noun,|disasters|
897,disciple,Noun,|disciples|
898,disease,Noun,|diseases|
899,Dishan,Noun,|Dishans|
900,Dishon,Noun,|Dishons|
901,distance,Noun,|distances|
902,diviner,Noun,|diviners|
903,doctor,Noun,|doctors|
904,document,Noun,|documents|
905,Dodai,Noun,|Dodais|
906,Dodo,Noun,|Dodos|
907,Doeg,Noun,|Doegs|
908,dog,Noun,|dogs|
909,donkey,Noun,|donkeys|
910,door,Noun,|doors|
911,Dor,Noun,|Dors|
912,Dorcas,Noun,|Dorcases|
913,Dothan,Noun,|Dothans|
914,dough,Noun,|dough|
915,dove,Noun,|doves|
916,drachma,Noun,|drachmas|
917,dream,Noun,|dreams|
918,dress,Noun,|dresses|
919,drink,Noun,|drinks|
920,drop,Noun,|drops|
921,drug,Noun,|drugs|
922,Drusilla,Noun,|Drusillas|
923,duck,Noun,|ducks|
924,Dumah,Noun,|Dumahs|
925,dung,Noun,|dung|
926,Dura,Noun,|Duras|
927,dust,Noun,|dust|
928,eagle,Noun,|eagles|
929,ear,Noun,|ears|
930,earring,Noun,|earrings|
931,earth,Noun,|earths|
932,earthquake,Noun,|earthquakes|
933,east,Noun,|east|
934,Ebal,Noun,|Ebals|
935,Ebed,Noun,|Ebeds|
936,Ebenezer,Noun,|Ebenezers|
937,Eber,Noun,|Ebers|
938,Ebez,Noun,|Ebezs|
939,Eden,Noun,|Edens|
940,Eder,Noun,|Eders|
941,edge,Noun,|edges|
942,Edom,Noun,|Edoms|
943,Edom,Noun,|Edoms|
944,Edomite,Noun,|Edomites|
945,Edrei,Noun,|Edreis|
946,egg,Noun,|eggs|
947,Eglah,Noun,|Eglahs|
948,Eglon,Noun,|Eglons|
949,Eglon,Noun,|Eglons|
950,Egypt,Noun,|Egypts|
951,Egyptian,Noun,|Egyptians|
952,Ehi,Noun,|Ehis|
953,Ehud,Noun,|Ehuds|
954,Ekron,Noun,|Ekrons|
955,El-Bethel,Noun,|El-Bethels|
956,El-Elohe-Israel,Noun,|El-Elohe-Israels|
957,Ela,Noun,|Elas|
958,Elah,Noun,|Elahs|
959,Elam,Noun,|Elams|
960,Elam,Noun,|Elams|
961,Elam,Noun,|Elams|
962,Elath,Noun,|Elaths|
963,El Berith,Noun,|Els Berith|
964,Eldaah,Noun,|Eldaahs|
965,elder,Noun,|elders|
966,Eleazar,Noun,|Eleazars|
967,elephant,Noun,|elephants|
968,Elhanan,Noun,|Elhanans|
969,Eli,Noun,|Elis|
970,Eliab,Noun,|Eliabs|
971,Eliada,Noun,|Eliadas|
972,Eliahba,Noun,|Eliahbas|
973,Eliakim,Noun,|Eliakims|
974,Eliam,Noun,|Eliams|
975,Eliashib,Noun,|Eliashibs|
976,Eliezer,Noun,|Eliezers|
977,Elihoreph,Noun,|Elihorephs|
978,Elihu,Noun,|Elihus|
979,Elihud,Noun,|Elihuds|
980,Elijah,Noun,|Elijahs|
981,Elika,Noun,|Elikas|
982,Elim,Noun,|Elims|
983,Elimelech,Noun,|Elimeleches|
984,Elioenai,Noun,|Elioenais|
985,Eliphaz,Noun,|Eliphazs|
986,Eliphelet,Noun,|Eliphelets|
987,Elisha,Noun,|Elishas|
988,Elishah,Noun,|Elishahs|
989,Elishama,Noun,|Elishamas|
990,Elisheba,Noun,|Elishebas|
991,Elishua,Noun,|Elishuas|
992,Eliud,Noun,|Eliuds|
993,Elizabeth,Noun,|Elizabeths|
994,Elkanah,Noun,|Elkanahs|
995,Elkosh,Noun,|Elkoshes|
996,Ellasar,Noun,|Ellasars|
997,Elmadam,Noun,|Elmadams|
998,Eloi,Noun,|Elois|
999,Elon,Noun,|Elons|
1000,Elon,Noun,|Elons|
1001,Elon-Bethhanan,Noun,|Elon-Bethhanans|
1002,El Paran,Noun,|Els Paran|
1003,Eltekeh,Noun,|Eltekehs|
1004,Eltekon,Noun,|Eltekons|
1005,Eltolad,Noun,|Eltolads|
1006,Elul,Noun,|Eluls|
1007,Elymais,Noun,|Elymaises|
1008,Elymas,Noun,|Elymases|
1009,Elzaphan,Noun,|Elzaphans|
1010,Emek Keziz,Noun,|Emeks Keziz|
1011,Emite,Noun,|Emites|
1012,Emmaus,Noun,|Emmauses|
1013,emperor,Noun,|emperors|
1014,empire,Noun,|empires|
1015,Enaim,Noun,|Enaims|
1016,Enam,Noun,|Enams|
1017,enchanter,Noun,|enchanters|
1018,end,Noun,|ends|
1019,Endor,Noun,|Endors|
1020,enemy,Noun,|enemies|
1021,En Gannim,Noun,|Ens Gannim|
1022,En Gedi,Noun,|Ens Gedi|
1023,En Haddah,Noun,|Ens Haddah|
1024,En Hakkore,Noun,|Ens Hakkore|
1025,En Hazor,Noun,|Ens Hazor|
1026,En Mishpat,Noun,|Ens Mishpat|
1027,Enoch,Noun,|Enoches|
1028,Enosh,Noun,|Enoshes|
1029,En Rimmon,Noun,|Ens Rimmon|
1030,En Rogel,Noun,|Ens Rogel|
1031,En Shemesh,Noun,|Ens Shemesh|
1032,En Tappuah,Noun,|Ens Tappuah|
1033,entrance,Noun,|entrances|
1034,Epaphras,Noun,|Epaphrases|
1035,Epaphroditus,Noun,|Epaphrodituses|
1036,Ephah,Noun,|Ephahs|
1037,ephah,Noun,|ephahs|
1038,Epher,Noun,|Ephers|
1039,Ephes Dammim,Noun,|Epheses|
1040,Ephesians,Noun,|Ephesians|
1041,Ephesus,Noun,|Ephesuses|
1042,ephod,Noun,|ephods|
1043,Ephrah,Noun,|Ephrahs|
1044,Ephraim,Noun,|Ephraims|
1045,Ephraimite,Noun,|Ephraimites|
1046,Ephrath,Noun,|Ephraths|
1047,Ephrathah,Noun,|Ephrathahs|
1048,Ephrathite,Noun,|Ephrathites|
1049,Ephron,Noun,|Ephrons|
1050,Epicurus,Noun,|Epicuruses|
1051,Epiphanes,Noun,|Epiphaneses|
1052,Er,Noun,|Ers|
1053,Erastus,Noun,|Erastuses|
1054,Erech,Noun,|Ereches|
1055,Eri,Noun,|Eris|
1056,Esarhaddon,Noun,|Esarhaddons|
1057,Esau,Noun,|Esaus|
1058,Esek,Noun,|Eseks|
1059,Eshan,Noun,|Eshans|
1060,Eshban,Noun,|Eshbans|
1061,Eshcol,Noun,|Eshcols|
1062,Eshtaol,Noun,|Eshtaols|
1063,Eshtemoa,Noun,|Eshtemoas|
1064,Eshtemoh,Noun,|Eshtemohs|
1065,Esli,Noun,|Eslis|
1066,Esther,Noun,|Esthers|
1067,Etham,Noun,|Ethams|
1068,Ethan,Noun,|Ethans|
1069,Ethanim,Noun,|Ethanims|
1070,Ether,Noun,|Ethers|
1071,Ethiopia,Noun,|Ethiopias|
1072,Eth Kazin,Noun,|Eths Kazin|
1073,Euergetes,Noun,|Euergeteses|
1074,eunuch,Noun,|eunuchs|
1075,Euodia,Noun,|Euodias|
1076,Euphrates,Noun,|Euphrateses|
1077,Europe,Noun,|Europes|
1078,Eutychus,Noun,|Eutychuses|
1079,Eve,Noun,|Eves|
1080,evening,Noun,|evenings|
1081,event,Noun,|events|
1082,Evi,Noun,|Evis|
1083,ewe,Noun,|ewes|
1084,example,Noun,|examples|
1085,Exodus,Noun,|Exoduses|
1086,expression,Noun,|expressions|
1087,eye,Noun,|eyes|
1088,Ezbon,Noun,|Ezbons|
1089,Ezekiel,Noun,|Ezekiels|
1090,Ezel,Noun,|Ezels|
1091,Ezem,Noun,|Ezems|
1092,Ezer,Noun,|Ezers|
1093,Ezion Geber,Noun,|Ezions Geber|
1094,Ezra,Noun,|Ezras|
1095,Ezrahite,Noun,|Ezrahites|
1096,face,Noun,|faces|
1097,Fair Havens,Noun,|Fairs Havens|
1098,faith,Noun,|faith|
1099,faithfulness,Noun,|faithfulness|
1100,Falala,Noun,|Falalas|
1101,fall,Noun,|falls|
1102,family,Noun,|families|
1103,famine,Noun,|famines|
1104,fare,Noun,|fares|
1105,farm,Noun,|farms|
1106,farmer,Noun,|farmers|
1107,fat,Noun,|fat|
1108,father,Noun,|fathers|
1109,Father,Noun,|Fathers|
1110,father-in-law,Noun,|father-in-laws|
1111,fear,Noun,|fears|
1112,feast,Noun,|feasts|
1113,Feast of Booths,Noun,|Feasts of Booths|
1114,Feast of Harvest,Noun,|Feasts of Harvest|
1115,Feast of Ingathering,Noun,|Feasts of Ingathering|
1116,Feast of Tabernacles,Noun,|Feast of Tabernacles|
1117,Feast of the New Moon,Noun,|Feasts of the New Moon|
1118,Feast of Unleavened Bread,Noun,|Feasts of Unleavened Bread|
1119,Feast of Weeks,Noun,|Feast of Weeks|
1120,feather,Noun,|feathers|
1121,feeling,Noun,|feelings|
1122,Felix,Noun,|Felixes|
1123,fellowship,Noun,|fellowship|
1124,fence,Noun,|fences|
1125,Festus,Noun,|Festuses|
1126,fever,Noun,|fevers|
1127,field,Noun,|fields|
1128,fig,Noun,|figs|
1129,finger,Noun,|fingers|
1130,fire,Noun,|fires|
1131,fish,Noun,|fish|
1132,fisherman,Noun,|fishermen|
1133,fist,Noun,|fists|
1134,flag,Noun,|flags|
1135,flake,Noun,|flakes|
1136,flax,Noun,|flax|
1137,flea,Noun,|fleas|
1138,flesh,Noun,|flesh|
1139,flock,Noun,|flocks|
1140,flood,Noun,|floods|
1141,floor threshing,Noun,|floors|
1142,floor,Noun,|floors|
1143,flour,Noun,|flour|
1144,flower,Noun,|flowers|
1145,flute,Noun,|flutes|
1146,fly,Noun,|flies|
1147,follower,Noun,|followers|
1148,Folly,Noun,|Follies|
1149,food,Noun,|food|
1150,fool,Noun,|fools|
1151,foot,Noun,|feet|
1152,forehead,Noun,|foreheads|
1153,foreigner,Noun,|foreigners|
1154,foreskin,Noun,|foreskins|
1155,forest,Noun,|forests|
1156,fork,Noun,|forks|
1157,form,Noun,|forms|
1158,foundation,Noun,|foundations|
1159,fox,Noun,|foxes|
1160,frame,Noun,|frames|
1161,frankincense,Noun,|frankincense|
1162,freedom,Noun,|freedom|
1163,friend,Noun,|friends|
1164,frog,Noun,|frogs|
1165,front,Noun,|fronts|
1166,frost,Noun,|frost|
1167,fruit,Noun,|fruit|
1168,fur,Noun,|fur|
1169,furnace,Noun,|furnaces|
1170,future,Noun,|future|
1171,Gaal,Noun,|Gaals|
1172,Gaash,Noun,|Gaashes|
1173,Gabbai,Noun,|Gabbais|
1174,Gabriel,Noun,|Gabriels|
1175,Gad,Noun,|Gads|
1176,Gad,Noun,|Gads|
1177,Gadara,Noun,|Gadaras|
1178,Gaham,Noun,|Gahams|
1179,Gahar,Noun,|Gahars|
1180,Gaius,Noun,|Gaiuses|
1181,Gaius Popillius Laenas,Noun,|Gaiuses|
1182,Galal,Noun,|Galals|
1183,Galatia,Noun,|Galatias|
1184,Galeed,Noun,|Galeeds|
1185,Galilee,Noun,|Galilees|
1186,gall,Noun,|gall|
1187,Gallim,Noun,|Gallims|
1188,Gallio,Noun,|Gallios|
1189,Gamaliel,Noun,|Gamaliels|
1190,garbage,Noun,|garbage|
1191,garden,Noun,|gardens|
1192,Gareb,Noun,|Garebs|
1193,Gatam,Noun,|Gatams|
1194,Gate Dung,Noun,|Gates|
1195,Gate Fish,Noun,|Gates|
1196,Gate Fountain,Noun,|Gates|
1197,Gate Garbage,Noun,|Gates|
1198,Gate Guard,Noun,|Gates|
1199,Gate Horse,Noun,|Gates|
1200,Gate Inspection,Noun,|Gates|
1201,Gate Ishtar,Noun,|Gates|
1202,Gate Jeshanah,Noun,|Gates|
1203,Gate of Ephraim,Noun,|Gates|
1204,Gate Sheep,Noun,|Gates|
1205,Gate Valley,Noun,|Gates|
1206,Gate Water,Noun,|Gates|
1207,gate,Noun,|gates|
1208,Gath,Noun,|Gaths|
1209,Gath Hepher,Noun,|Gaths Hepher|
1210,Gath Rimmon,Noun,|Gaths Rimmon|
1211,Gaza,Noun,|Gazas|
1212,gazelle,Noun,|gazelles|
1213,Gazzam,Noun,|Gazzams|
1214,Geba,Noun,|Gebas|
1215,Gebalite,Noun,|Gebalites|
1216,Geber,Noun,|Gebers|
1217,Geder,Noun,|Geders|
1218,Gederah,Noun,|Gederahs|
1219,Gederoth,Noun,|Gederoths|
1220,Gederothaim,Noun,|Gederothaims|
1221,Gedor,Noun,|Gedors|
1222,Ge Harashim,Noun,|Ges Harashim|
1223,Geliloth,Noun,|Geliloths|
1224,gem,Noun,|gems|
1225,genealogy,Noun,|genealogies|
1226,generation,Noun,|generations|
1227,Genesis,Noun,|Genesises|
1228,Gennesaret,Noun,|Gennesarets|
1229,Gentile,Noun,|Gentiles|
1230,Gera,Noun,|Geras|
1231,Gerar,Noun,|Gerars|
1232,Gerasa,Noun,|Gerasas|
1233,Gerasene,Noun,|Gerasenes|
1234,Gergesene,Noun,|Gergesenes|
1235,germ,Noun,|germs|
1236,Gershom,Noun,|Gershoms|
1237,Gershon,Noun,|Gershons|
1238,Geshem,Noun,|Geshems|
1239,Geshur,Noun,|Geshurs|
1240,Geshurite,Noun,|Geshurites|
1241,Gether,Noun,|Gethers|
1242,Gethsemane,Noun,|Gethsemanes|
1243,Gezer,Noun,|Gezers|
1244,ghost,Noun,|ghosts|
1245,Giah,Noun,|Giahs|
1246,giant,Noun,|giants|
1247,Gibbethon,Noun,|Gibbethons|
1248,Gibeah,Noun,|Gibeahs|
1249,Gibeah of God,Noun,|Gibeahs of God|
1250,Gibeath Haaraloth,Noun,|Gibeaths Haaraloth|
1251,Gibeon,Noun,|Gibeons|
1252,Gibeonite,Noun,|Gibeonites|
1253,Giddel,Noun,|Giddels|
1254,Gideon,Noun,|Gideons|
1255,Gidom,Noun,|Gidoms|
1256,gift,Noun,|gifts|
1257,Gihon,Noun,|Gihons|
1258,Gilalai,Noun,|Gilalais|
1259,Gilboa,Noun,|Gilboas|
1260,Gilead,Noun,|Gileads|
1261,Gilead,Noun,|Gileads|
1262,Gilgal,Noun,|Gilgals|
1263,Giloh,Noun,|Gilohs|
1264,Ginnethon,Noun,|Ginnethons|
1265,Girgashite,Noun,|Girgashites|
1266,girl,Noun,|girls|
1267,Girzi,Noun,|Girzis|
1268,Girzite,Noun,|Girzites|
1269,Gishpa,Noun,|Gishpas|
1270,Gittaim,Noun,|Gittaims|
1271,Gittite,Noun,|Gittites|
1272,gladness,Noun,|gladness|
1273,glass,Noun,|glass|
1274,glory,Noun,|glory|
1275,Glory of Israel,Noun,|Glories|
1276,glove,Noun,|gloves|
1277,gnat,Noun,|gnats|
1278,goad,Noun,|goads|
1279,goal,Noun,|goals|
1280,goat,Noun,|goats|
1281,Gob,Noun,|Gobs|
1282,goblet,Noun,|goblets|
1283,God,Noun,|Gods|
1284,God Eternal,Noun,|Gods|
1285,God highest,Noun,|Gods|
1286,god,Noun,|gods|
1287,God Almighty,Noun,|Gods Almighty|
1288,God Most High,Noun,|Gods Most High|
1289,Goiim,Noun,|Goiims|
1290,Golan,Noun,|Golans|
1291,gold,Noun,|gold|
1292,Golgotha,Noun,|Golgothas|
1293,Goliath,Noun,|Goliaths|
1294,Gomer,Noun,|Gomers|
1295,Gomorrah,Noun,|Gomorrahs|
1296,goodness,Noun,|goodness|
1297,Good News,Noun,|Good News|
1298,goods,Noun,|goods|
1299,Goshen,Noun,|Goshens|
1300,gospel,Noun,|gospels|
1301,government,Noun,|governments|
1302,governor,Noun,|governors|
1303,Goyim,Noun,|Goyims|
1304,grace,Noun,|grace|
1305,grain,Noun,|grains|
1306,grain,Noun,|grain|
1307,gram,Noun,|grams|
1308,grandchild,Noun,|grandchildren|
1309,granddaughter,Noun,|granddaughters|
1310,grandfather,Noun,|grandfathers|
1311,grandson,Noun,|grandsons|
1312,grape,Noun,|grapes|
1313,grass,Noun,|grass|
1314,grasshopper,Noun,|grasshoppers|
1315,grave,Noun,|graves|
1316,Greater Sidon,Noun,|Greaters Sidon|
1317,Greece,Noun,|Greeces|
1318,Greek,Noun,|Greek|
1319,groom,Noun,|grooms|
1320,ground,Noun,|grounds|
1321,group,Noun,|groups|
1322,grove olive,Noun,|groves|
1323,guard,Noun,|guards|
1324,guardian-redeemer,Noun,|guardian-redeemers|
1325,guest,Noun,|guests|
1326,guide,Noun,|guides|
1327,Guni,Noun,|Gunis|
1328,Habakkuk,Noun,|Habakkuks|
1329,Habakkuk,Noun,|Habakkuks|
1330,Hachmon,Noun,|Hachmons|
1331,Hadad,Noun,|Hadads|
1332,Hadadezer,Noun,|Hadadezers|
1333,Hadashah,Noun,|Hadashahs|
1334,Hadassah,Noun,|Hadassahs|
1335,Hades,Noun,|Hadeses|
1336,Hadid,Noun,|Hadids|
1337,Hadoram,Noun,|Hadorams|
1338,Haeleph,Noun,|Haelephs|
1339,Hagaba,Noun,|Hagabas|
1340,Hagar,Noun,|Hagars|
1341,Haggai,Noun,|Haggais|
1342,Haggedolim,Noun,|Haggedolims|
1343,Haggi,Noun,|Haggis|
1344,Haggith,Noun,|Haggiths|
1345,Hagri,Noun,|Hagris|
1346,hail,Noun,|hail|
1347,hair,Noun,|hairs|
1348,Hakaliah,Noun,|Hakaliahs|
1349,Hakilah,Noun,|Hakilahs|
1350,Hakkoz,Noun,|Hakkozs|
1351,Hakmon,Noun,|Hakmons|
1352,Hakupha,Noun,|Hakuphas|
1353,Halhul,Noun,|Halhuls|
1354,Hali,Noun,|Halis|
1355,Hall of Justice,Noun,|Halls of Justice|
1356,Hallohesh,Noun,|Halloheshes|
1357,Ham,Noun,|Hams|
1358,Ham,Noun,|Hams|
1359,Haman,Noun,|Hamans|
1360,Hamath,Noun,|Hamaths|
1361,Hamathite,Noun,|Hamathites|
1362,Hammath,Noun,|Hammaths|
1363,Hammedatha,Noun,|Hammedathas|
1364,hammer,Noun,|hammers|
1365,Hammon,Noun,|Hammons|
1366,Hammoth Dor,Noun,|Hammoths Dor|
1367,Hamor,Noun,|Hamors|
1368,Hamul,Noun,|Hamuls|
1369,Hanan,Noun,|Hanans|
1370,Hanani,Noun,|Hananis|
1371,Hananiah,Noun,|Hananiahs|
1372,hand,Noun,|hands|
1373,handle,Noun,|handles|
1374,Hannah,Noun,|Hannahs|
1375,Hannathon,Noun,|Hannathons|
1376,Hanok,Noun,|Hanoks|
1377,Hanun,Noun,|Hanuns|
1378,Hapharaim,Noun,|Hapharaims|
1379,Haran,Noun,|Harans|
1380,Haran,Noun,|Harans|
1381,Harar,Noun,|Harars|
1382,Harbona,Noun,|Harbonas|
1383,harbor,Noun,|harbors|
1384,Harhaiah,Noun,|Harhaiahs|
1385,Harhur,Noun,|Harhurs|
1386,Harim,Noun,|Harims|
1387,Hariph,Noun,|Hariphs|
1388,Hariph,Noun,|Hariphs|
1389,Harod,Noun,|Harods|
1390,Harosheth-Haggoyim,Noun,|Harosheth-Haggoyims|
1391,harp,Noun,|harps|
1392,Harsha,Noun,|Harshas|
1393,Harumaph,Noun,|Harumaphs|
1394,Hashabiah,Noun,|Hashabiahs|
1395,Hashabnah,Noun,|Hashabnahs|
1396,Hashabneiah,Noun,|Hashabneiahs|
1397,Hashbaddanah,Noun,|Hashbaddanahs|
1398,Hashum,Noun,|Hashums|
1399,Hashum,Noun,|Hashums|
1400,Hassenaah,Noun,|Hassenaahs|
1401,Hassenuah,Noun,|Hassenuahs|
1402,Hasshub,Noun,|Hasshubs|
1403,Hasupha,Noun,|Hasuphas|
1404,hat,Noun,|hats|
1405,Hathak,Noun,|Hathaks|
1406,Hatipha,Noun,|Hatiphas|
1407,Hatita,Noun,|Hatitas|
1408,Hattil,Noun,|Hattils|
1409,Hattush,Noun,|Hattushes|
1410,Havilah,Noun,|Havilahs|
1411,Havvoth Jair,Noun,|Havvoths Jair|
1412,Hazaiah,Noun,|Hazaiahs|
1413,Hazar Gaddah,Noun,|Hazars Gaddah|
1414,Hazarmaveth,Noun,|Hazarmaveths|
1415,Hazar Shual,Noun,|Hazars Shual|
1416,Hazar Susah,Noun,|Hazars Susah|
1417,Hazezon Tamar,Noun,|Hazezons Tamar|
1418,Hazo,Noun,|Hazos|
1419,Hazor,Noun,|Hazors|
1420,Hazor,Noun,|Hazors|
1421,Hazor Hadattah,Noun,|Hazors Hadattah|
1422,head,Noun,|heads|
1423,heart,Noun,|hearts|
1424,heat,Noun,|heat|
1425,heaven,Noun,|heavens|
1426,heaven,Noun,|heavens|
1427,Heber,Noun,|Hebers|
1428,Hebrew,Noun,|Hebrews|
1429,Hebrew,Noun,|Hebrews|
1430,Hebrews,Noun,|Hebrewses|
1431,Hebron,Noun,|Hebrons|
1432,hectare,Noun,|hectares|
1433,heel,Noun,|heels|
1434,Hegai,Noun,|Hegais|
1435,height,Noun,|heights|
1436,Helam,Noun,|Helams|
1437,Helbah,Noun,|Helbahs|
1438,Heled,Noun,|Heleds|
1439,Helek,Noun,|Heleks|
1440,Heleph,Noun,|Helephs|
1441,Helez,Noun,|Helezs|
1442,Heli,Noun,|Helis|
1443,Heliodorus,Noun,|Heliodoruses|
1444,Helkai,Noun,|Helkais|
1445,Helkath,Noun,|Helkaths|
1446,Helkath Hazzurim,Noun,|Helkaths Hazzurim|
1447,hell,Noun,|hells|
1448,helmet,Noun,|helmets|
1449,Heman,Noun,|Hemans|
1450,Hemdan,Noun,|Hemdans|
1451,Henadad,Noun,|Henadads|
1452,Hepher,Noun,|Hephers|
1453,Hepher,Noun,|Hephers|
1454,herald,Noun,|heralds|
1455,herb,Noun,|herbs|
1456,herd,Noun,|herds|
1457,Heres,Noun,|Hereses|
1458,Hereth,Noun,|Hereths|
1459,Hermes,Noun,|Hermeses|
1460,Herod,Noun,|Herods|
1461,Herodias,Noun,|Herodiases|
1462,Heshbon,Noun,|Heshbons|
1463,Heshmon,Noun,|Heshmons|
1464,Heth,Noun,|Heths|
1465,Heth,Noun,|Heths|
1466,Hezekiah,Noun,|Hezekiahs|
1467,Hezir,Noun,|Hezirs|
1468,Hezro,Noun,|Hezros|
1469,Hezron,Noun,|Hezrons|
1470,Hezron,Noun,|Hezrons|
1471,Hiddai,Noun,|Hiddais|
1472,Hierapolis,Noun,|Hierapolises|
1473,Hilkiah,Noun,|Hilkiahs|
1474,Hill of Ophel,Noun,|Hills|
1475,hill,Noun,|hills|
1476,Hillel,Noun,|Hillels|
1477,hip,Noun,|hips|
1478,Hirah,Noun,|Hirahs|
1479,Hiram,Noun,|Hirams|
1480,history,Noun,|histories|
1481,Hittite,Noun,|Hittites|
1482,HIV,Noun,|HIV|
1483,Hivite,Noun,|Hivites|
1484,Hobab,Noun,|Hobabs|
1485,Hobah,Noun,|Hobahs|
1486,Hobaiah,Noun,|Hobaiahs|
1487,Hodaviah,Noun,|Hodaviahs|
1488,Hodiah,Noun,|Hodiahs|
1489,Hoglah,Noun,|Hoglahs|
1490,Hoham,Noun,|Hohams|
1491,hole,Noun,|holes|
1492,holiday,Noun,|holidays|
1493,Holon,Noun,|Holons|
1494,Holy Place,Noun,|Holies|
1495,Holy Spirit,Noun,|Holies|
1496,Homam,Noun,|Homams|
1497,honey,Noun,|honey|
1498,honor,Noun,|honor|
1499,hook,Noun,|hooks|
1500,hope,Noun,|hope|
1501,Hophni,Noun,|Hophnis|
1502,Horam,Noun,|Horams|
1503,Horeb,Noun,|Horebs|
1504,Horem,Noun,|Horems|
1505,Horesh,Noun,|Horeshes|
1506,Hori,Noun,|Horis|
1507,Horite,Noun,|Horites|
1508,Hormah,Noun,|Hormahs|
1509,horn,Noun,|horns|
1510,hornet,Noun,|hornets|
1511,Horon,Noun,|Horons|
1512,Horonaim,Noun,|Horonaims|
1513,horse,Noun,|horses|
1514,Hosah,Noun,|Hosahs|
1515,Hosanna,Noun,|Hosannas|
1516,Hosea,Noun,|Hoseas|
1517,Hoshaiah,Noun,|Hoshaiahs|
1518,Hoshea,Noun,|Hosheas|
1519,hour,Noun,|hours|
1520,house,Noun,|houses|
1521,House of the Forest of Lebanon,Noun,|Houses of the Forest of Lebanon|
1522,Hukkok,Noun,|Hukkoks|
1523,Hul,Noun,|Huls|
1524,human,Noun,|humans|
1525,Humtah,Noun,|Humtahs|
1526,Huppim,Noun,|Huppims|
1527,Hur,Noun,|Hurs|
1528,husband,Noun,|husbands|
1529,Hushah,Noun,|Hushahs|
1530,Hushai,Noun,|Hushais|
1531,Husham,Noun,|Hushams|
1532,Hushath,Noun,|Hushaths|
1533,Hushim,Noun,|Hushims|
1534,hymn,Noun,|hymns|
1535,hypocrite,Noun,|hypocrites|
1536,I AM,Noun,|Is AM|
1537,Ibhar,Noun,|Ibhars|
1538,Ibleam,Noun,|Ibleams|
1539,Ibzan,Noun,|Ibzans|
1540,ice,Noun,|ice|
1541,Ichabod,Noun,|Ichabods|
1542,Iconium,Noun,|Iconiums|
1543,Idalah,Noun,|Idalahs|
1544,Iddo,Noun,|Iddos|
1545,idea,Noun,|ideas|
1546,idol,Noun,|idols|
1547,Idumea,Noun,|Idumeas|
1548,Igal,Noun,|Igals|
1549,Iim,Noun,|Iims|
1550,Ikkesh,Noun,|Ikkeshes|
1551,illness,Noun,|illnesses|
1552,Ilym,Noun,|Ilyms|
1553,image,Noun,|images|
1554,Immanuel,Noun,|Immanuels|
1555,Immer,Noun,|Immers|
1556,Immer,Noun,|Immers|
1557,Imnah,Noun,|Imnahs|
1558,Imri,Noun,|Imris|
1559,incense,Noun,|incense|
1560,inch,Noun,|inches|
1561,India,Noun,|Indias|
1562,information,Noun,|information|
1563,Iniko,Noun,|Inikos|
1564,injury,Noun,|injuries|
1565,inn,Noun,|inns|
1566,insect,Noun,|insects|
1567,inside,Noun,|insides|
1568,instruction,Noun,|instructions|
1569,instrument,Noun,|instruments|
1570,interest,Noun,|interest|
1571,intestine,Noun,|intestines|
1572,Iphtah,Noun,|Iphtahs|
1573,Ira,Noun,|Iras|
1574,Irad,Noun,|Irads|
1575,Iram,Noun,|Irams|
1576,iron,Noun,|iron|
1577,Iron,Noun,|Irons|
1578,Irpeel,Noun,|Irpeels|
1579,Ir Shemesh,Noun,|Irs Shemesh|
1580,Isaac,Noun,|Isaacs|
1581,Isaiah,Noun,|Isaiahs|
1582,Isak,Noun,|Isaks|
1583,Iscah,Noun,|Iscahs|
1584,Ish-Bosheth,Noun,|Ish-Bosheths|
1585,Ishbak,Noun,|Ishbaks|
1586,Ishbi-Benob,Noun,|Ishbi-Benobs|
1587,Ishmael,Noun,|Ishmaels|
1588,Ishmaelite,Noun,|Ishmaelites|
1589,Ishvah,Noun,|Ishvahs|
1590,Ishvi,Noun,|Ishvis|
1591,island,Noun,|islands|
1592,Israel,Noun,|Israels|
1593,Israel,Noun,|Israels|
1594,Israelite,Noun,|Israelites|
1595,Issachar,Noun,|Issachars|
1596,it,Noun,|its|
1597,Italy,Noun,|Italies|
1598,Ithai,Noun,|Ithais|
1599,Ithamar,Noun,|Ithamars|
1600,Ithiel,Noun,|Ithiels|
1601,Ithlah,Noun,|Ithlahs|
1602,Ithnan,Noun,|Ithnans|
1603,Ithran,Noun,|Ithrans|
1604,Ithream,Noun,|Ithreams|
1605,Ittai,Noun,|Ittais|
1606,Iturea,Noun,|Itureas|
1607,ivory,Noun,|ivory|
1608,Izhar,Noun,|Izhars|
1609,Jaala,Noun,|Jaalas|
1610,Jabal,Noun,|Jabals|
1611,Jabbok,Noun,|Jabboks|
1612,Jabesh,Noun,|Jabeshes|
1613,Jabesh Gilead,Noun,|Jabeshes|
1614,Jabin,Noun,|Jabins|
1615,Jabneel,Noun,|Jabneels|
1616,jackal,Noun,|jackals|
1617,Jacob,Noun,|Jacobs|
1618,Jaddu,Noun,|Jaddus|
1619,Jaddua,Noun,|Jadduas|
1620,Jadon,Noun,|Jadons|
1621,Jael,Noun,|Jaels|
1622,Jagur,Noun,|Jagurs|
1623,Jahaz,Noun,|Jahazs|
1624,Jahleel,Noun,|Jahleels|
1625,Jahziel,Noun,|Jahziels|
1626,Jair,Noun,|Jairs|
1627,Jair,Noun,|Jairs|
1628,Jairus,Noun,|Jairuses|
1629,Jakeh,Noun,|Jakehs|
1630,Jakin,Noun,|Jakins|
1631,Jalam,Noun,|Jalams|
1632,James,Noun,|Jameses|
1633,Jamin,Noun,|Jamins|
1634,Janet,Noun,|Janets|
1635,Janim,Noun,|Janims|
1636,Jannai,Noun,|Jannais|
1637,Janoah,Noun,|Janoahs|
1638,Japheth,Noun,|Japheths|
1639,Japhia,Noun,|Japhias|
1640,Japhia,Noun,|Japhias|
1641,Japhletite,Noun,|Japhletites|
1642,jar,Noun,|jars|
1643,Jared,Noun,|Jareds|
1644,Jarmuth,Noun,|Jarmuths|
1645,Jashar,Noun,|Jashars|
1646,Jashen,Noun,|Jashens|
1647,Jashub,Noun,|Jashubs|
1648,Jason,Noun,|Jasons|
1649,Jattir,Noun,|Jattirs|
1650,Javan,Noun,|Javans|
1651,jaw,Noun,|jaws|
1652,Jazar,Noun,|Jazars|
1653,Jazer,Noun,|Jazers|
1654,Jebusite,Noun,|Jebusites|
1655,Jeconiah,Noun,|Jeconiahs|
1656,Jedaiah,Noun,|Jedaiahs|
1657,Jedidiah,Noun,|Jedidiahs|
1658,Jeduthun,Noun,|Jeduthuns|
1659,Jegar Sahadutha,Noun,|Jegars Sahadutha|
1660,Jehohanan,Noun,|Jehohanans|
1661,Jehoiachin,Noun,|Jehoiachins|
1662,Jehoiada,Noun,|Jehoiadas|
1663,Jehoiakim,Noun,|Jehoiakims|
1664,Jehonathan,Noun,|Jehonathans|
1665,Jehoram,Noun,|Jehorams|
1666,Jehoshaphat,Noun,|Jehoshaphats|
1667,Jehovah Jireh,Noun,|Jehovah Jireh|
1668,Jehovah Nissi,Noun,|Jehovahs Nissi|
1669,Jehud,Noun,|Jehuds|
1670,Jekabzeel,Noun,|Jekabzeels|
1671,Jemuel,Noun,|Jemuels|
1672,Jephthah,Noun,|Jephthahs|
1673,Jephunneh,Noun,|Jephunnehs|
1674,Jerah,Noun,|Jerahs|
1675,Jerahmeel,Noun,|Jerahmeels|
1676,Jerahmeelite,Noun,|Jerahmeelites|
1677,Jeremiah,Noun,|Jeremiahs|
1678,Jericho,Noun,|Jerichos|
1679,Jeroboam,Noun,|Jeroboams|
1680,Jeroham,Noun,|Jerohams|
1681,Jerub-Baal,Noun,|Jerub-Baals|
1682,Jerub-Besheth,Noun,|Jerub-Besheths|
1683,Jerusalem,Noun,|Jerusalems|
1684,Jeshaiah,Noun,|Jeshaiahs|
1685,Jeshimon,Noun,|Jeshimons|
1686,Jeshua,Noun,|Jeshuas|
1687,Jeshua,Noun,|Jeshuas|
1688,Jesse,Noun,|Jesses|
1689,Jesus,Noun,|Jesuses|
1690,Jesus-Barabbas,Noun,|Jesus-Barabbases|
1691,Jether,Noun,|Jethers|
1692,Jetheth,Noun,|Jetheths|
1693,Jethro,Noun,|Jethros|
1694,Jetur,Noun,|Jeturs|
1695,Jeush,Noun,|Jeushes|
1696,Jew,Noun,|Jews|
1697,jewel,Noun,|jewels|
1698,jewelry,Noun,|jewelry|
1699,Jezebel,Noun,|Jezebels|
1700,Jezer,Noun,|Jezers|
1701,Jezrahiah,Noun,|Jezrahiahs|
1702,Jezreel,Noun,|Jezreels|
1703,Jidlaph,Noun,|Jidlaphs|
1704,Joab,Noun,|Joabs|
1705,Joanan,Noun,|Joanans|
1706,Joanna,Noun,|Joannas|
1707,Joash,Noun,|Joashes|
1708,job,Noun,|jobs|
1709,Jobab,Noun,|Jobabs|
1710,Jochebed,Noun,|Jochebeds|
1711,Joda,Noun,|Jodas|
1712,Joed,Noun,|Joeds|
1713,Joel,Noun,|Joels|
1714,Jogbehah,Noun,|Jogbehahs|
1715,Johanan,Noun,|Johanans|
1716,John,Noun,|Johns|
1717,Joiada,Noun,|Joiadas|
1718,Joiakim,Noun,|Joiakims|
1719,Joiarib,Noun,|Joiaribs|
1720,Jokdeam,Noun,|Jokdeams|
1721,joke,Noun,|jokes|
1722,Jokmeam,Noun,|Jokmeams|
1723,Jokneam,Noun,|Jokneams|
1724,Jokshan,Noun,|Jokshans|
1725,Joktan,Noun,|Joktans|
1726,Joktheel,Noun,|Joktheels|
1727,Jonadab,Noun,|Jonadabs|
1728,Jonah,Noun,|Jonahs|
1729,Jonam,Noun,|Jonams|
1730,Jonathan,Noun,|Jonathans|
1731,Joppa,Noun,|Joppas|
1732,Joram,Noun,|Jorams|
1733,Jordan,Noun,|Jordans|
1734,Jordan Valley,Noun,|Jordans Valley|
1735,Jorim,Noun,|Jorims|
1736,Josech,Noun,|Joseches|
1737,Joseph,Noun,|Josephs|
1738,Josheb-Basshebeth,Noun,|Josheb-Basshebeths|
1739,Joshua,Noun,|Joshuas|
1740,Josiah,Noun,|Josiahs|
1741,Jotham,Noun,|Jothams|
1742,joy,Noun,|joy|
1743,Jozabad,Noun,|Jozabads|
1744,Jozadak,Noun,|Jozadaks|
1745,Jubal,Noun,|Jubals|
1746,Judah,Noun,|Judahs|
1747,Judah,Noun,|Judahs|
1748,Judas,Noun,|Judases|
1749,Judas Iscariot,Noun,|Judases|
1750,Jude,Noun,|Judes|
1751,Jude,Noun,|Jude|
1752,Judea,Noun,|Judeas|
1753,judge,Noun,|judges|
1754,Judges,Noun,|Judgeses|
1755,Judith,Noun,|Judiths|
1756,Julius,Noun,|Juliuses|
1757,Jumoke,Noun,|Jumokes|
1758,June,Noun,|Junes|
1759,justice,Noun,|justice|
1760,Justus,Noun,|Justuses|
1761,Juttah,Noun,|Juttahs|
1762,Kabbon,Noun,|Kabbons|
1763,Kabul,Noun,|Kabuls|
1764,Kabzeel,Noun,|Kabzeels|
1765,Kadesh,Noun,|Kadeshes|
1766,Kadesh Barnea,Noun,|Kadeshes|
1767,Kadmiel,Noun,|Kadmiels|
1768,Kadmonite,Noun,|Kadmonites|
1769,Kain,Noun,|Kains|
1770,Kalkol,Noun,|Kalkols|
1771,Kallai,Noun,|Kallais|
1772,Kamon,Noun,|Kamons|
1773,Kanah,Noun,|Kanahs|
1774,Kande,Noun,|Kandes|
1775,Karka,Noun,|Karkas|
1776,Karkor,Noun,|Karkors|
1777,Karmi,Noun,|Karmis|
1778,Karshena,Noun,|Karshenas|
1779,Kartah,Noun,|Kartahs|
1780,Kartan,Noun,|Kartans|
1781,Kattath,Noun,|Kattaths|
1782,Kedar,Noun,|Kedars|
1783,Kedar,Noun,|Kedars|
1784,Kedemah,Noun,|Kedemahs|
1785,Kedemoth,Noun,|Kedemoths|
1786,Kedesh,Noun,|Kedeshes|
1787,Kedorlaomer,Noun,|Kedorlaomers|
1788,Keilah,Noun,|Keilahs|
1789,Kelita,Noun,|Kelitas|
1790,Kemuel,Noun,|Kemuels|
1791,Kenan,Noun,|Kenans|
1792,Kenani,Noun,|Kenanis|
1793,Kenaz,Noun,|Kenazs|
1794,Kenite,Noun,|Kenites|
1795,Kenizzite,Noun,|Kenizzites|
1796,Kephar Ammoni,Noun,|Kephars Ammoni|
1797,Kephirah,Noun,|Kephirahs|
1798,Keran,Noun,|Kerans|
1799,Kereth,Noun,|Kereths|
1800,Kerethite,Noun,|Kerethites|
1801,Kerioth Hezron,Noun,|Kerioths Hezron|
1802,Keros,Noun,|Keroses|
1803,Kerub,Noun,|Kerubs|
1804,Kesed,Noun,|Keseds|
1805,Kesil,Noun,|Kesils|
1806,Kesulloth,Noun,|Kesulloths|
1807,Keturah,Noun,|Keturahs|
1808,key,Noun,|keys|
1809,Kezib,Noun,|Kezibs|
1810,Kibzaim,Noun,|Kibzaims|
1811,kidney,Noun,|kidneys|
1812,Kileab,Noun,|Kileabs|
1813,Kilion,Noun,|Kilions|
1814,kilogram,Noun,|kilograms|
1815,kilometer,Noun,|kilometers|
1816,Kimham,Noun,|Kimhams|
1817,Kinah,Noun,|Kinahs|
1818,kind,Noun,|kinds|
1819,king,Noun,|kings|
1820,King,Noun,|Kings|
1821,kingdom,Noun,|kingdoms|
1822,Kinnereth,Noun,|Kinnereths|
1823,Kiriath,Noun,|Kiriaths|
1824,Kiriath-Arba,Noun,|Kiriath-Arbas|
1825,Kiriath-Sepher,Noun,|Kiriath-Sephers|
1826,Kiriathaim,Noun,|Kiriathaims|
1827,Kiriath Baal,Noun,|Kiriaths Baal|
1828,Kiriath Jearim,Noun,|Kiriaths Jearim|
1829,Kiriath Sannah,Noun,|Kiriaths Sannah|
1830,Kish,Noun,|Kishes|
1831,Kishion,Noun,|Kishions|
1832,Kishon,Noun,|Kishons|
1833,Kislev,Noun,|Kislevs|
1834,Kisloth Tabor,Noun,|Kisloths Tabor|
1835,Kitlish,Noun,|Kitlishes|
1836,Kitron,Noun,|Kitrons|
1837,Kittite,Noun,|Kittites|
1838,knee,Noun,|knees|
1839,knife,Noun,|knives|
1840,knowledge,Noun,|knowledge|
1841,Kohath,Noun,|Kohaths|
1842,Kol-Hozeh,Noun,|Kol-Hozehs|
1843,Kolaiah,Noun,|Kolaiahs|
1844,Korah,Noun,|Korahs|
1845,Korazin,Noun,|Korazins|
1846,Kos,Noun,|Koses|
1847,Kue,Noun,|Kues|
1848,Laban,Noun,|Labans|
1849,Lachish,Noun,|Lachishes|
1850,ladder,Noun,|ladders|
1851,Lahmas,Noun,|Lahmases|
1852,Laish,Noun,|Laishes|
1853,lake,Noun,|lakes|
1854,Lake Galilee,Noun,|Lakes Galilee|
1855,Lake Gennesaret,Noun,|Lakes Gennesaret|
1856,Lakkum,Noun,|Lakkums|
1857,lamb,Noun,|lambs|
1858,Lamech,Noun,|Lameches|
1859,lamp,Noun,|lamps|
1860,land,Noun,|land|
1861,language,Noun,|languages|
1862,Laodice,Noun,|Laodices|
1863,Laodicea,Noun,|Laodiceas|
1864,Lappidoth,Noun,|Lappidoths|
1865,Lasea,Noun,|Laseas|
1866,Lasha,Noun,|Lashas|
1867,Lasharon,Noun,|Lasharons|
1868,law,Noun,|laws|
1869,Law,Noun,|Laws|
1870,lawyer,Noun,|lawyers|
1871,layer,Noun,|layers|
1872,Lazarus,Noun,|Lazaruses|
1873,lead,Noun,|lead|
1874,leader,Noun,|leaders|
1875,leaf,Noun,|leaves|
1876,Leah,Noun,|Leahs|
1877,leather,Noun,|leather|
1878,Lebana,Noun,|Lebanas|
1879,Lebanon,Noun,|Lebanons|
1880,Lebanon Valley,Noun,|Lebanons Valley|
1881,Lebaoth,Noun,|Lebaoths|
1882,Lebo-Hamath,Noun,|Lebo-Hamaths|
1883,Lebonah,Noun,|Lebonahs|
1884,leg,Noun,|legs|
1885,Legion,Noun,|Legions|
1886,Lehabite,Noun,|Lehabites|
1887,Lehi,Noun,|Lehis|
1888,Lemuel,Noun,|Lemuels|
1889,length,Noun,|lengths|
1890,lentil,Noun,|lentils|
1891,leopard,Noun,|leopards|
1892,leprosy,Noun,|leprosy|
1893,Leshem,Noun,|Leshems|
1894,lesson,Noun,|lessons|
1895,letter,Noun,|letters|
1896,Letush,Noun,|Letushes|
1897,Letushite,Noun,|Letushites|
1898,Leum,Noun,|Leums|
1899,Leummite,Noun,|Leummites|
1900,Levi,Noun,|Levis|
1901,Levi,Noun,|Levis|
1902,Levite,Noun,|Levites|
1903,Leviticus,Noun,|Leviticuses|
1904,liar,Noun,|liars|
1905,Libnah,Noun,|Libnahs|
1906,Libni,Noun,|Libnis|
1907,Libya,Noun,|Libyas|
1908,lie,Noun,|lies|
1909,life,Noun,|lives|
1910,ligament,Noun,|ligaments|
1911,light,Noun,|light|
1912,light,Noun,|lights|
1913,lightning,Noun,|lightning|
1914,lily,Noun,|lilies|
1915,line,Noun,|lines|
1916,linen,Noun,|linen|
1917,lion,Noun,|lions|
1918,lip,Noun,|lips|
1919,liquid,Noun,|liquids|
1920,list,Noun,|lists|
1921,liter,Noun,|liters|
1922,liver,Noun,|livers|
1923,livestock,Noun,|livestock|
1924,load,Noun,|loads|
1925,loaf,Noun,|loaves|
1926,locust,Noun,|locusts|
1927,Lod,Noun,|Lods|
1928,Lo Debar,Noun,|Los Debar|
1929,Lord,Noun,|Lords|
1930,Lord,Noun,|Lords|
1931,LORD,Noun,|LORDs|
1932,lord,Noun,|lords|
1933,LORD Almighty,Noun,|LORDs Almighty|
1934,Lord Almighty,Noun,|Lord Almighty|
1935,Lord Jesus Christ,Noun,|Lords Jesus Christ|
1936,lot,Noun,|lots|
1937,Lot,Noun,|Lots|
1938,Lotan,Noun,|Lotans|
1939,love,Noun,|love|
1940,Lower Beth Horon,Noun,|Lowers Beth Horon|
1941,Lucius,Noun,|Luciuses|
1942,Lucius Cornelius Scipio Asiaticus,Noun,|Luciuses|
1943,Lud,Noun,|Luds|
1944,Ludite,Noun,|Ludites|
1945,Luke,Noun,|Lukes|
1946,Luz,Noun,|Luzs|
1947,Lycaonia,Noun,|Lycaonias|
1948,Lycia,Noun,|Lycias|
1949,Lydda,Noun,|Lyddas|
1950,Lydia,Noun,|Lydias|
1951,lyre,Noun,|lyres|
1952,Lysanias,Noun,|Lysaniases|
1953,Lysias,Noun,|Lysiases|
1954,Lystra,Noun,|Lystras|
1955,Maacah,Noun,|Maacahs|
1956,Maai,Noun,|Maais|
1957,Maakah,Noun,|Maakahs|
1958,Maakah,Noun,|Maakahs|
1959,Maarath,Noun,|Maaraths|
1960,Maaseiah,Noun,|Maaseiahs|
1961,Maath,Noun,|Maaths|
1962,Maaziah,Noun,|Maaziahs|
1963,Macedonia,Noun,|Macedonias|
1964,machine,Noun,|machines|
1965,Machpelah,Noun,|Machpelahs|
1966,Madai,Noun,|Madais|
1967,Madmannah,Noun,|Madmannahs|
1968,Madon,Noun,|Madons|
1969,Magadan,Noun,|Magadans|
1970,Magdalene,Noun,|Magdalenes|
1971,Magdiel,Noun,|Magdiels|
1972,maggot,Noun,|maggots|
1973,magic,Noun,|magic|
1974,magician,Noun,|magicians|
1975,Magog,Noun,|Magogs|
1976,Magpiash,Noun,|Magpiashes|
1977,Mahalalel,Noun,|Mahalalels|
1978,Mahalath,Noun,|Mahalaths|
1979,Mahanaim,Noun,|Mahanaims|
1980,Mahaneh Dan,Noun,|Mahanehs Dan|
1981,Maharai,Noun,|Maharais|
1982,Mahlah,Noun,|Mahlahs|
1983,Mahli,Noun,|Mahlis|
1984,Mahlon,Noun,|Mahlons|
1985,Mahol,Noun,|Mahols|
1986,Makaz,Noun,|Makazs|
1987,Makir,Noun,|Makirs|
1988,Makkedah,Noun,|Makkedahs|
1989,Malachi,Noun,|Malachis|
1990,Malachi,Noun,|Malachis|
1991,Malkiel,Noun,|Malkiels|
1992,Malkijah,Noun,|Malkijahs|
1993,Malki Shua,Noun,|Malkis Shua|
1994,Malluk,Noun,|Malluks|
1995,Malta,Noun,|Maltas|
1996,Mamre,Noun,|Mamres|
1997,Mamre,Noun,|Mamres|
1998,man,Noun,|men|
1999,Manaen,Noun,|Manaens|
2000,manager,Noun,|managers|
2001,Manahath,Noun,|Manahaths|
2002,Manasseh,Noun,|Manassehs|
2003,manger,Noun,|mangers|
2004,manna,Noun,|manna|
2005,Manoah,Noun,|Manoahs|
2006,manure,Noun,|manure|
2007,manuscript,Noun,|manuscripts|
2008,Maok,Noun,|Maoks|
2009,Maon,Noun,|Maons|
2010,Maonite,Noun,|Maonites|
2011,Mara,Noun,|Maras|
2012,Marah,Noun,|Marahs|
2013,Maralah,Noun,|Maralahs|
2014,marble,Noun,|marble|
2015,March,Noun,|Marches|
2016,Mareshah,Noun,|Mareshahs|
2017,mark,Noun,|marks|
2018,Mark,Noun,|Marks|
2019,market,Noun,|markets|
2020,Market of Appius,Noun,|Market of Appius|
2021,marriage,Noun,|marriages|
2022,Marsena,Noun,|Marsenas|
2023,Martha,Noun,|Marthas|
2024,Mary,Noun,|Maries|
2025,Mary Magdalene,Noun,|Maries|
2026,mason,Noun,|masons|
2027,Masrekah,Noun,|Masrekahs|
2028,Massa,Noun,|Massas|
2029,Massah,Noun,|Massahs|
2030,master,Noun,|masters|
2031,mat,Noun,|mats|
2032,mate,Noun,|mates|
2033,Matred,Noun,|Matreds|
2034,Matri,Noun,|Matris|
2035,Mattaniah,Noun,|Mattaniahs|
2036,Mattatha,Noun,|Mattathas|
2037,Mattathias,Noun,|Mattathiases|
2038,Mattenai,Noun,|Mattenais|
2039,Matthan,Noun,|Matthans|
2040,Matthat,Noun,|Matthats|
2041,Matthew,Noun,|Matthews|
2042,Matthias,Noun,|Matthiases|
2043,Mattithiah,Noun,|Mattithiahs|
2044,Me-Zahab,Noun,|Me-Zahabs|
2045,meal,Noun,|meals|
2046,meaning,Noun,|meanings|
2047,meat,Noun,|meat|
2048,Medan,Noun,|Medans|
2049,Medeba,Noun,|Medebas|
2050,Media,Noun,|Medias|
2051,medicine,Noun,|medicine|
2052,Mediterranean,Noun,|Mediterraneans|
2053,meeting,Noun,|meetings|
2054,Megiddo,Noun,|Megiddos|
2055,Mehetabel,Noun,|Mehetabels|
2056,Mehida,Noun,|Mehidas|
2057,Meholah,Noun,|Meholahs|
2058,Meholah,Noun,|Meholahs|
2059,Mehujael,Noun,|Mehujaels|
2060,Mehuman,Noun,|Mehumans|
2061,Me Jarkon,Noun,|Mes Jarkon|
2062,Mekonah,Noun,|Mekonahs|
2063,Melatiah,Noun,|Melatiahs|
2064,Melchi,Noun,|Melchis|
2065,Melchizedek,Noun,|Melchizedeks|
2066,Melea,Noun,|Meleas|
2067,Melissa,Noun,|Melissas|
2068,Melki,Noun,|Melkis|
2069,member,Noun,|members|
2070,Memukan,Noun,|Memukans|
2071,Mene,Noun,|Mene|
2072,Menna,Noun,|Mennas|
2073,Mephaath,Noun,|Mephaaths|
2074,Mephibosheth,Noun,|Mephibosheths|
2075,Merab,Noun,|Merabs|
2076,Meraiah,Noun,|Meraiahs|
2077,Meraioth,Noun,|Meraioths|
2078,Merar,Noun,|Merars|
2079,Merari,Noun,|Meraris|
2080,merchandise,Noun,|merchandise|
2081,merchant,Noun,|merchants|
2082,mercy,Noun,|mercy|
2083,Meremoth,Noun,|Meremoths|
2084,Meres,Noun,|Mereses|
2085,Meribah,Noun,|Meribahs|
2086,Meronoth,Noun,|Meronoths|
2087,Meroz,Noun,|Merozs|
2088,Mesha,Noun,|Meshas|
2089,Meshach,Noun,|Meshaches|
2090,Meshech,Noun,|Mesheches|
2091,Meshech,Noun,|Mesheches|
2092,Meshezabel,Noun,|Meshezabels|
2093,Meshillemoth,Noun,|Meshillemoths|
2094,Meshullam,Noun,|Meshullams|
2095,Mesopotamia,Noun,|Mesopotamias|
2096,message,Noun,|messages|
2097,messenger,Noun,|messengers|
2098,Messiah,Noun,|Messiahs|
2099,metal,Noun,|metal|
2100,meter,Noun,|meters|
2101,Metheg Ammah,Noun,|Methegs Ammah|
2102,Methuselah,Noun,|Methuselahs|
2103,Methushael,Noun,|Methushaels|
2104,Meunim,Noun,|Meunims|
2105,Mibsam,Noun,|Mibsams|
2106,Mibzar,Noun,|Mibzars|
2107,Micah,Noun,|Micahs|
2108,Micaiah,Noun,|Micaiahs|
2109,Michael,Noun,|Michaels|
2110,Michal,Noun,|Michals|
2111,Middin,Noun,|Middins|
2112,middle,Noun,|middles|
2113,Middle East,Noun,|Middles East|
2114,Midian,Noun,|Midians|
2115,Midian,Noun,|Midians|
2116,Midianite,Noun,|Midianites|
2117,midnight,Noun,|midnight|
2118,midwife,Noun,|midwives|
2119,Migdal-Eder,Noun,|Migdal-Eders|
2120,Migdal El,Noun,|Migdals El|
2121,Migdal Gad,Noun,|Migdals Gad|
2122,Migdol,Noun,|Migdols|
2123,Migron,Noun,|Migrons|
2124,Mijamin,Noun,|Mijamins|
2125,Mika,Noun,|Mikas|
2126,Mikmash,Noun,|Mikmashes|
2127,Mikmethath,Noun,|Mikmethaths|
2128,Milalai,Noun,|Milalais|
2129,Milcah,Noun,|Milcahs|
2130,mile,Noun,|miles|
2131,Miletus,Noun,|Miletuses|
2132,milk,Noun,|milk|
2133,Milkah,Noun,|Milkahs|
2134,Millo,Noun,|Millos|
2135,mina,Noun,|minas|
2136,mind,Noun,|minds|
2137,Miniamin,Noun,|Miniamins|
2138,Minnith,Noun,|Minniths|
2139,mint,Noun,|mint|
2140,minute,Noun,|minutes|
2141,miracle,Noun,|miracles|
2142,Miriam,Noun,|Miriams|
2143,Mishael,Noun,|Mishaels|
2144,Mishal,Noun,|Mishals|
2145,Mishma,Noun,|Mishmas|
2146,Mispereth,Noun,|Mispereths|
2147,Misrephoth Maim,Noun,|Misrephoths Maim|
2148,mistake,Noun,|mistakes|
2149,Mitylene,Noun,|Mitylenes|
2150,Mizpah,Noun,|Mizpahs|
2151,Mizraim,Noun,|Mizraims|
2152,Mizzah,Noun,|Mizzahs|
2153,Mnason,Noun,|Mnasons|
2154,Moab,Noun,|Moabs|
2155,Moabite,Noun,|Moabites|
2156,Moadiah,Noun,|Moadiahs|
2157,moat,Noun,|moats|
2158,model,Noun,|models|
2159,Moladah,Noun,|Moladahs|
2160,mold,Noun,|mold|
2161,Molech,Noun,|Moleches|
2162,money,Noun,|money|
2163,month,Noun,|months|
2164,moon,Noun,|moons|
2165,Mordecai,Noun,|Mordecais|
2166,Moreh,Noun,|Morehs|
2167,Moriah,Noun,|Moriahs|
2168,morning,Noun,|mornings|
2169,mortar,Noun,|mortar|
2170,Moses,Noun,|Moseses|
2171,Most Holy Place,Noun,|Mosts Holy Place|
2172,moth,Noun,|moths|
2173,mother,Noun,|mothers|
2174,mother-in-law,Noun,|mothers-in-law|
2175,motive,Noun,|motives|
2176,Mount Adummim,Noun,|Mounts Adummim|
2177,mountain,Noun,|mountains|
2178,Mount Baal-Hermon,Noun,|Mounts Baal-Hermon|
2179,Mount Baalah,Noun,|Mounts Baalah|
2180,Mount Carmel,Noun,|Mounts Carmel|
2181,Mount Ebal,Noun,|Mounts Ebal|
2182,Mount Edom,Noun,|Mounts Edom|
2183,Mount Ephron,Noun,|Mounts Ephron|
2184,Mount Gaash,Noun,|Mounts Gaash|
2185,Mount Gerizim,Noun,|Mounts Gerizim|
2186,Mount Gilboa,Noun,|Mounts Gilboa|
2187,Mount Gilead,Noun,|Mounts Gilead|
2188,Mount Halak,Noun,|Mounts Halak|
2189,Mount Heres,Noun,|Mounts Heres|
2190,Mount Hermon,Noun,|Mounts Hermon|
2191,Mount Horeb,Noun,|Mounts Horeb|
2192,Mount Jearim,Noun,|Mounts Jearim|
2193,Mount Kesalon,Noun,|Mounts Kesalon|
2194,Mount of Olives,Noun,|Mounts of Olives|
2195,Mount Paran,Noun,|Mounts Paran|
2196,Mount Pisgah,Noun,|Mounts Pisgah|
2197,Mount Seir,Noun,|Mounts Seir|
2198,Mount Sinai,Noun,|Mounts Sinai|
2199,Mount Tabor,Noun,|Mounts Tabor|
2200,Mount Zalmon,Noun,|Mounts Zalmon|
2201,Mount Zion,Noun,|Mounts Zion|
2202,mouth,Noun,|mouths|
2203,Mozah,Noun,|Mozahs|
2204,mud,Noun,|mud|
2205,mule,Noun,|mules|
2206,Muppim,Noun,|Muppims|
2207,muscle,Noun,|muscles|
2208,Mushi,Noun,|Mushis|
2209,music,Noun,|music|
2210,Myra,Noun,|Myras|
2211,myrrh,Noun,|myrrh|
2212,Mysia,Noun,|Mysias|
2213,mystery,Noun,|mysteries|
2214,Naamah,Noun,|Naamahs|
2215,Naaman,Noun,|Naamans|
2216,Naarah,Noun,|Naarahs|
2217,Nabal,Noun,|Nabals|
2218,Nadab,Noun,|Nadabs|
2219,Naggai,Noun,|Naggais|
2220,Nahalal,Noun,|Nahalals|
2221,Nahalol,Noun,|Nahalols|
2222,Nahamani,Noun,|Nahamanis|
2223,Naharai,Noun,|Naharais|
2224,Nahash,Noun,|Nahashes|
2225,Nahath,Noun,|Nahaths|
2226,Nahor,Noun,|Nahors|
2227,Nahshon,Noun,|Nahshons|
2228,Nahum,Noun,|Nahums|
2229,nail,Noun,|nails|
2230,Nain,Noun,|Nains|
2231,Naioth,Noun,|Naioths|
2232,Nakon,Noun,|Nakons|
2233,name,Noun,|names|
2234,Name,Noun,|Names|
2235,Nano,Noun,|Nanos|
2236,Naomi,Noun,|Naomis|
2237,Naphish,Noun,|Naphishes|
2238,Naphoth,Noun,|Naphoths|
2239,Naphoth Dor,Noun,|Naphoths Dor|
2240,Naphtali,Noun,|Naphtalis|
2241,Naphtuhite,Noun,|Naphtuhites|
2242,nard,Noun,|nards|
2243,Nathan,Noun,|Nathans|
2244,Nathanael,Noun,|Nathanaels|
2245,nation,Noun,|nations|
2246,Nazareth,Noun,|Nazareths|
2247,Nazirite,Noun,|Nazirites|
2248,Neah,Noun,|Neahs|
2249,Neapolis,Noun,|Neapolises|
2250,Nebai,Noun,|Nebais|
2251,Nebaioth,Noun,|Nebaioths|
2252,Neballat,Noun,|Neballats|
2253,Nebo,Noun,|Nebos|
2254,Nebuchadnezzar,Noun,|Nebuchadnezzars|
2255,neck,Noun,|necks|
2256,necklace,Noun,|necklaces|
2257,needle,Noun,|needles|
2258,Negev,Noun,|Negevs|
2259,Nehemiah,Noun,|Nehemiahs|
2260,Nehum,Noun,|Nehums|
2261,Neiel,Noun,|Neiels|
2262,neighbor,Noun,|neighbors|
2263,Nekoda,Noun,|Nekodas|
2264,Nepheg,Noun,|Nephegs|
2265,nephew,Noun,|nephews|
2266,Nephilim,Noun,|Nephilim|
2267,Nephtoah,Noun,|Nephtoahs|
2268,Nephusim,Noun,|Nephusims|
2269,Ner,Noun,|Ners|
2270,Neri,Noun,|Neris|
2271,nerve,Noun,|nerves|
2272,nest,Noun,|nests|
2273,net,Noun,|nets|
2274,Nethanel,Noun,|Nethanels|
2275,Netophah,Noun,|Netophahs|
2276,Netophath,Noun,|Netophaths|
2277,Netty,Noun,|Netties|
2278,New Moon,Noun,|New Moon|
2279,news,Noun,|news|
2280,Neziah,Noun,|Neziahs|
2281,Nezib,Noun,|Nezibs|
2282,Nibshan,Noun,|Nibshans|
2283,Nicanor,Noun,|Nicanors|
2284,Nicator,Noun,|Nicators|
2285,Nicodemus,Noun,|Nicodemuses|
2286,Nicolas,Noun,|Nicolases|
2287,Nicopolis,Noun,|Nicopolises|
2288,Niger,Noun,|Nigers|
2289,night,Noun,|nights|
2290,Nile,Noun,|Niles|
2291,Nimrod,Noun,|Nimrods|
2292,Nina,Noun,|Ninas|
2293,Nineveh,Noun,|Ninevehs|
2294,Nisan,Noun,|Nisans|
2295,Noadiah,Noun,|Noadiahs|
2296,Noah,Noun,|Noahs|
2297,Nob,Noun,|Nobs|
2298,Nobah,Noun,|Nobahs|
2299,noble,Noun,|nobles|
2300,Nod,Noun,|Nods|
2301,noise,Noun,|noises|
2302,noon,Noun,|noon|
2303,North,Noun,|North|
2304,north,Noun,|north|
2305,nose,Noun,|noses|
2306,November,Noun,|Novembers|
2307,number,Noun,|numbers|
2308,Numbers,Noun,|Numbers|
2309,Nun,Noun,|Nuns|
2310,nurse,Noun,|nurses|
2311,Nympha,Noun,|Nymphas|
2312,oath,Noun,|oaths|
2313,Obadiah,Noun,|Obadiahs|
2314,Obal,Noun,|Obals|
2315,Obed,Noun,|Obeds|
2316,Obed-Edom,Noun,|Obed-Edoms|
2317,object,Noun,|objects|
2318,ocean,Noun,|oceans|
2319,offering,Noun,|offerings|
2320,offering burnt,Noun,|offerings|
2321,offering drink,Noun,|offerings|
2322,offering fellowship,Noun,|offerings|
2323,offering food,Noun,|offerings|
2324,offering Freewill,Noun,|offerings|
2325,offering grain,Noun,|offerings|
2326,offering guilt,Noun,|offerings|
2327,offering sin,Noun,|offerings|
2328,office,Noun,|offices|
2329,officer,Noun,|officers|
2330,official,Noun,|officials|
2331,Og,Noun,|Ogs|
2332,Ohad,Noun,|Ohads|
2333,Oholibamah,Noun,|Oholibamahs|
2334,oil,Noun,|oil|
2335,oil olive,Noun,|oil|
2336,olive,Noun,|olives|
2337,Omar,Noun,|Omars|
2338,omer,Noun,|omers|
2339,On,Noun,|Ons|
2340,Onam,Noun,|Onams|
2341,Onan,Noun,|Onans|
2342,one,Noun,|ones|
2343,One Holy,Noun,|Ones|
2344,Onesimus,Noun,|Onesimuses|
2345,Onias III,Noun,|Oniases|
2346,Ono,Noun,|Onos|
2347,onyx,Noun,|onyx|
2348,Ophel,Noun,|Ophels|
2349,Ophir,Noun,|Ophirs|
2350,Ophni,Noun,|Ophnis|
2351,Ophrah,Noun,|Ophrahs|
2352,opinion,Noun,|opinions|
2353,opponent,Noun,|opponents|
2354,Oreb,Noun,|Orebs|
2355,organ,Noun,|organs|
2356,organization,Noun,|organizations|
2357,Orpah,Noun,|Orpahs|
2358,orphan,Noun,|orphans|
2359,Othniel,Noun,|Othniels|
2360,ounce,Noun,|ounces|
2361,outside,Noun,|outsides|
2362,oven,Noun,|ovens|
2363,overseer,Noun,|overseers|
2364,owner,Noun,|owners|
2365,ox,Noun,|oxen|
2366,Paarai,Noun,|Paarais|
2367,Paddan Aram,Noun,|Paddans Aram|
2368,Padon,Noun,|Padons|
2369,Pahath-Moab,Noun,|Pahath-Moabs|
2370,pain,Noun,|pain|
2371,paint,Noun,|paint|
2372,palace,Noun,|palaces|
2373,Palace of the Forest of Lebanon,Noun,|Palaces of the Forest of Lebanon|
2374,Palal,Noun,|Palals|
2375,Pallu,Noun,|Pallus|
2376,palm,Noun,|palms|
2377,Palti,Noun,|Paltis|
2378,Paltiel,Noun,|Paltiels|
2379,Pamphylia,Noun,|Pamphylias|
2380,pan,Noun,|pans|
2381,Paphos,Noun,|Paphoses|
2382,parable,Noun,|parables|
2383,Parah,Noun,|Parahs|
2384,Paran,Noun,|Parans|
2385,parent,Noun,|parents|
2386,Parmashta,Noun,|Parmashtas|
2387,Parmenas,Noun,|Parmenases|
2388,Parosh,Noun,|Paroshes|
2389,Parshandatha,Noun,|Parshandathas|
2390,Parsin,Noun,|Parsin|
2391,part,Noun,|parts|
2392,Parthia,Noun,|Parthias|
2393,party,Noun,|parties|
2394,Paruah,Noun,|Paruahs|
2395,Pas Dammim,Noun,|Pases|
2396,Paseah,Noun,|Paseahs|
2397,Pashhur,Noun,|Pashhurs|
2398,Pashhur,Noun,|Pashhurs|
2399,Pass Scorpion,Noun,|Passes|
2400,Passhur,Noun,|Passhurs|
2401,Pass of Adummim,Noun,|Passes|
2402,Passover,Noun,|Passovers|
2403,past,Noun,|past|
2404,pastor,Noun,|pastors|
2405,pasture,Noun,|pastures|
2406,Patara,Noun,|Pataras|
2407,path,Noun,|paths|
2408,Pathrusite,Noun,|Pathrusites|
2409,Patmos,Noun,|Patmoses|
2410,pattern,Noun,|patterns|
2411,Pau,Noun,|Paus|
2412,Paul,Noun,|Pauls|
2413,Paulus,Noun,|Pauluses|
2414,payment,Noun,|payments|
2415,pea,Noun,|peas|
2416,peace,Noun,|peace|
2417,peacock,Noun,|peacocks|
2418,pearl,Noun,|pearls|
2419,Pedaiah,Noun,|Pedaiahs|
2420,Pelaiah,Noun,|Pelaiahs|
2421,Pelaliah,Noun,|Pelaliahs|
2422,Pelatiah,Noun,|Pelatiahs|
2423,Peleg,Noun,|Pelegs|
2424,Pelet,Noun,|Pelets|
2425,Peleth,Noun,|Peleths|
2426,Pelethite,Noun,|Pelethites|
2427,pen,Noun,|pens|
2428,Peniel,Noun,|Peniels|
2429,Peninnah,Noun,|Peninnahs|
2430,penis,Noun,|penises|
2431,penny,Noun,|pennies|
2432,Pentecost,Noun,|Pentecosts|
2433,Penual,Noun,|Penuals|
2434,Peor,Noun,|Peors|
2435,Peres,Noun,|Peres|
2436,Perez,Noun,|Perezs|
2437,Perez Uzzah,Noun,|Perezs Uzzah|
2438,perfume,Noun,|perfumes|
2439,Perga,Noun,|Pergas|
2440,Pergamum,Noun,|Pergamums|
2441,Perida,Noun,|Peridas|
2442,period,Noun,|periods|
2443,Perizzite,Noun,|Perizzites|
2444,Persia,Noun,|Persias|
2445,person,Noun,|people|
2446,Peter,Noun,|Peters|
2447,Pethahiah,Noun,|Pethahiahs|
2448,Pethuel,Noun,|Pethuels|
2449,Phanuel,Noun,|Phanuels|
2450,Pharaoh,Noun,|Pharaohs|
2451,Pharisee,Noun,|Pharisees|
2452,Phicol,Noun,|Phicols|
2453,Philadelphia,Noun,|Philadelphias|
2454,Philadelphus,Noun,|Philadelphuses|
2455,Philemon,Noun,|Philemons|
2456,Philip,Noun,|Philips|
2457,Philippi,Noun,|Philippis|
2458,Philippians,Noun,|Philippians|
2459,Philistia,Noun,|Philistias|
2460,Philistine,Noun,|Philistines|
2461,Philometor,Noun,|Philometors|
2462,Philopator,Noun,|Philopators|
2463,Phinehas,Noun,|Phinehases|
2464,Phoenicia,Noun,|Phoenicias|
2465,Phoenician,Noun,|Phoenicians|
2466,Phoenix,Noun,|Phoenixes|
2467,Phrygia,Noun,|Phrygias|
2468,pick,Noun,|picks|
2469,picture,Noun,|pictures|
2470,piece,Noun,|pieces|
2471,pig,Noun,|pigs|
2472,pigeon,Noun,|pigeons|
2473,Pi Hahiroth,Noun,|Pis Hahiroth|
2474,Pilate,Noun,|Pilates|
2475,Pildash,Noun,|Pildashes|
2476,pile,Noun,|piles|
2477,Pilha,Noun,|Pilhas|
2478,pillar,Noun,|pillars|
2479,Pillar of Absalom,Noun,|Pillars of Absalom|
2480,Piltai,Noun,|Piltais|
2481,Pinon,Noun,|Pinons|
2482,Piram,Noun,|Pirams|
2483,Pirathon,Noun,|Pirathons|
2484,Pisgah,Noun,|Pisgahs|
2485,Pishon,Noun,|Pishons|
2486,Pisidia,Noun,|Pisidias|
2487,Pisidian Antioch,Noun,|Pisidians Antioch|
2488,pistachio,Noun,|pistachios|
2489,pit,Noun,|pits|
2490,pitcher,Noun,|pitchers|
2491,pitchfork,Noun,|pitchforks|
2492,Pithom,Noun,|Pithoms|
2493,pity,Noun,|pity|
2494,place,Noun,|places|
2495,plague,Noun,|plagues|
2496,plain,Noun,|plains|
2497,plain of Ono,Noun,|plains|
2498,plan,Noun,|plans|
2499,plant,Noun,|plants|
2500,plant hyssop,Noun,|plants|
2501,plant mandrake,Noun,|plants|
2502,plastic,Noun,|plastic|
2503,plate,Noun,|plates|
2504,platter,Noun,|platters|
2505,pleasure,Noun,|pleasures|
2506,plow,Noun,|plows|
2507,pocket,Noun,|pockets|
2508,poem,Noun,|poems|
2509,point,Noun,|points|
2510,poison,Noun,|poison|
2511,Pokereth-Hazzebaim,Noun,|Pokereth-Hazzebaims|
2512,pole,Noun,|poles|
2513,pomegranate,Noun,|pomegranates|
2514,pond,Noun,|ponds|
2515,Pontius Pilate,Noun,|Pontiuses|
2516,Pontus,Noun,|Pontuses|
2517,Pool of Siloam,Noun,|Pools|
2518,pool,Noun,|pools|
2519,Poratha,Noun,|Porathas|
2520,porch,Noun,|porches|
2521,Porcius Festus,Noun,|Porciuses|
2522,portion,Noun,|portions|
2523,possession,Noun,|possessions|
2524,post,Noun,|posts|
2525,pot,Noun,|pots|
2526,Potiphar,Noun,|Potiphars|
2527,Potiphera,Noun,|Potipheras|
2528,pound,Noun,|pounds|
2529,power,Noun,|power|
2530,Praetorium,Noun,|Praetoriums|
2531,prayer,Noun,|prayers|
2532,present,Noun,|present|
2533,price,Noun,|prices|
2534,priest,Noun,|priests|
2535,prince,Noun,|princes|
2536,Prince of princes,Noun,|Princes of princes|
2537,princess,Noun,|princesses|
2538,Priscilla,Noun,|Priscillas|
2539,prison,Noun,|prisons|
2540,prisoner,Noun,|prisoners|
2541,prize,Noun,|prizes|
2542,problem,Noun,|problems|
2543,Procorus,Noun,|Procoruses|
2544,profit,Noun,|profit|
2545,promise,Noun,|promises|
2546,property,Noun,|properties|
2547,prophecy,Noun,|prophecies|
2548,prophet,Noun,|prophets|
2549,prophetess,Noun,|prophetesses|
2550,prostitute,Noun,|prostitutes|
2551,proverb,Noun,|proverbs|
2552,Proverbs,Noun,|Proverbs|
2553,province,Noun,|provinces|
2554,Psalm,Noun,|Psalms|
2555,Psalms,Noun,|Psalmses|
2556,Ptolemais,Noun,|Ptolemaises|
2557,Ptolemy III Euergetes,Noun,|Ptolemies|
2558,Ptolemy II Philadelphus,Noun,|Ptolemies|
2559,Ptolemy I Soter,Noun,|Ptolemies|
2560,Ptolemy IV Philopator,Noun,|Ptolemies|
2561,Ptolemy V Epiphanes,Noun,|Ptolemies|
2562,Ptolemy VI Philometor,Noun,|Ptolemies|
2563,Puah,Noun,|Puahs|
2564,Publius,Noun,|Publiuses|
2565,punishment,Noun,|punishments|
2566,Pur,Noun,|Purs|
2567,Purah,Noun,|Purahs|
2568,Purim,Noun,|Purims|
2569,purpose,Noun,|purposes|
2570,purse,Noun,|purses|
2571,pus,Noun,|pus|
2572,Put,Noun,|Puts|
2573,Put,Noun,|Puts|
2574,Puteoli,Noun,|Puteolis|
2575,Putiel,Noun,|Putiels|
2576,Pyrrhus,Noun,|Pyrrhuses|
2577,quail,Noun,|quails|
2578,quality,Noun,|qualities|
2579,quart,Noun,|quarts|
2580,queen,Noun,|queens|
2581,Queen,Noun,|Queens|
2582,question,Noun,|questions|
2583,Quirinius,Noun,|Quiriniuses|
2584,Raamah,Noun,|Raamahs|
2585,Raamiah,Noun,|Raamiahs|
2586,Rabbah,Noun,|Rabbahs|
2587,rabbi,Noun,|rabbis|
2588,Rabbith,Noun,|Rabbiths|
2589,raca,Noun,|racas|
2590,race,Noun,|races|
2591,Rachel,Noun,|Rachels|
2592,rage,Noun,|rage|
2593,Rahab,Noun,|Rahabs|
2594,rain,Noun,|rain|
2595,rainbow,Noun,|rainbows|
2596,raisin,Noun,|raisins|
2597,Rakal,Noun,|Rakals|
2598,Rakkath,Noun,|Rakkaths|
2599,Rakkon,Noun,|Rakkons|
2600,Ram,Noun,|Rams|
2601,ram,Noun,|rams|
2602,Ramah,Noun,|Ramahs|
2603,Ramathaim,Noun,|Ramathaims|
2604,Ramath Lehi,Noun,|Ramaths Lehi|
2605,Ramath Mizpah,Noun,|Ramaths Mizpah|
2606,Rameses,Noun,|Rameseses|
2607,Ramoth,Noun,|Ramoths|
2608,Ramoth Negev,Noun,|Ramoths Negev|
2609,Rapha,Noun,|Raphas|
2610,Raphia,Noun,|Raphias|
2611,rat,Noun,|rats|
2612,rattle,Noun,|rattles|
2613,raven,Noun,|ravens|
2614,Reaiah,Noun,|Reaiahs|
2615,reason,Noun,|reasons|
2616,Reba,Noun,|Rebas|
2617,Rebekah,Noun,|Rebekahs|
2618,rebel,Noun,|rebels|
2619,reed,Noun,|reeds|
2620,refuge,Noun,|refuges|
2621,region,Noun,|regions|
2622,region of Akzib,Noun,|regions of Akzib|
2623,Rehob,Noun,|Rehobs|
2624,Rehoboam,Noun,|Rehoboams|
2625,Rehoboth,Noun,|Rehoboths|
2626,Rehoboth Ir,Noun,|Rehoboths Ir|
2627,Rehum,Noun,|Rehums|
2628,Rei,Noun,|Reis|
2629,Rekab,Noun,|Rekabs|
2630,Rekem,Noun,|Rekems|
2631,Rekem,Noun,|Rekems|
2632,relationship,Noun,|relationships|
2633,relative,Noun,|relatives|
2634,religion,Noun,|religions|
2635,Remeth,Noun,|Remeths|
2636,Rephaiah,Noun,|Rephaiahs|
2637,Rephaite,Noun,|Rephaites|
2638,Rephan,Noun,|Rephans|
2639,Rephidim,Noun,|Rephidims|
2640,report,Noun,|reports|
2641,representative,Noun,|representatives|
2642,reptile,Noun,|reptiles|
2643,Resen,Noun,|Resens|
2644,rest,Noun,|rest|
2645,result,Noun,|results|
2646,resurrection,Noun,|resurrections|
2647,Reu,Noun,|Reus|
2648,Reuben,Noun,|Reubens|
2649,Reuel,Noun,|Reuels|
2650,Reumah,Noun,|Reumahs|
2651,Revelation,Noun,|Revelations|
2652,reward,Noun,|rewards|
2653,Rezin,Noun,|Rezins|
2654,Rhegium,Noun,|Rhegiums|
2655,Rhesa,Noun,|Rhesas|
2656,Rhoda,Noun,|Rhodas|
2657,Rhodes,Noun,|Rhodeses|
2658,rib,Noun,|ribs|
2659,Ribai,Noun,|Ribais|
2660,riddle,Noun,|riddles|
2661,right,Noun,|rights|
2662,righteousness,Noun,|righteousness|
2663,Rimmon,Noun,|Rimmons|
2664,Rimmon,Noun,|Rimmons|
2665,ring,Noun,|rings|
2666,ring nose,Noun,|rings|
2667,Riphath,Noun,|Riphaths|
2668,River Arnon,Noun,|Rivers|
2669,River Euphrates,Noun,|Rivers|
2670,River Jabbok,Noun,|Rivers|
2671,River Jordan,Noun,|Rivers|
2672,River Kishon,Noun,|Rivers|
2673,River Shihor,Noun,|Rivers|
2674,river,Noun,|rivers|
2675,River Nile,Noun,|Rivers|
2676,Rizpah,Noun,|Rizpahs|
2677,road,Noun,|roads|
2678,robe,Noun,|robes|
2679,Rock,Noun,|Rocks|
2680,rod,Noun,|rods|
2681,Rodanite,Noun,|Rodanites|
2682,Rogelim,Noun,|Rogelims|
2683,Roman,Noun,|Romans|
2684,Romans,Noun,|Romanses|
2685,Rome,Noun,|Romes|
2686,roof,Noun,|roofs|
2687,room,Noun,|rooms|
2688,room banquet,Noun,|rooms|
2689,rooster,Noun,|roosters|
2690,root,Noun,|roots|
2691,rope,Noun,|ropes|
2692,Rosh,Noun,|Roshes|
2693,row,Noun,|rows|
2694,rudder,Noun,|rudders|
2695,Rufus,Noun,|Rufuses|
2696,rule,Noun,|rules|
2697,ruler,Noun,|rulers|
2698,rumor,Noun,|rumors|
2699,Russia,Noun,|Russias|
2700,rust,Noun,|rust|
2701,Ruth,Noun,|Ruths|
2702,Sabbath,Noun,|Sabbaths|
2703,Sabean,Noun,|Sabeans|
2704,Sabtah,Noun,|Sabtahs|
2705,Sabteca,Noun,|Sabtecas|
2706,sackcloth,Noun,|sackcloth|
2707,sacrifice,Noun,|sacrifices|
2708,sacrifice New Moon,Noun,|sacrifices|
2709,saddle,Noun,|saddles|
2710,Sadducee,Noun,|Sadducees|
2711,sail,Noun,|sails|
2712,sailor,Noun,|sailors|
2713,saint,Noun,|saints|
2714,Salamis,Noun,|Salamises|
2715,Salekah,Noun,|Salekahs|
2716,Salem,Noun,|Salems|
2717,Salim,Noun,|Salims|
2718,saliva,Noun,|saliva|
2719,Sallei,Noun,|Salleis|
2720,Sallu,Noun,|Sallus|
2721,Salmon,Noun,|Salmons|
2722,Salmone,Noun,|Salmones|
2723,Salome,Noun,|Salomes|
2724,salt,Noun,|salt|
2725,salvation,Noun,|salvation|
2726,Samaria,Noun,|Samarias|
2727,Samaritan,Noun,|Samaritans|
2728,Samlah,Noun,|Samlahs|
2729,Samos,Noun,|Samoses|
2730,Samothrace,Noun,|Samothraces|
2731,Samson,Noun,|Samsons|
2732,Samuel,Noun,|Samuels|
2733,Sanballat,Noun,|Sanballats|
2734,sand,Noun,|sand|
2735,sandal,Noun,|sandals|
2736,Sanhedrin,Noun,|Sanhedrins|
2737,Sansannah,Noun,|Sansannahs|
2738,Saph,Noun,|Saphs|
2739,Sapphira,Noun,|Sapphiras|
2740,Sarah,Noun,|Sarahs|
2741,Sarai,Noun,|Sarais|
2742,Sardis,Noun,|Sardises|
2743,Sarid,Noun,|Sarids|
2744,Satan,Noun,|Satans|
2745,Saul,Noun,|Sauls|
2746,Savior,Noun,|Saviors|
2747,saw,Noun,|saws|
2748,saying,Noun,|sayings|
2749,scale,Noun,|scales|
2750,scepter,Noun,|scepters|
2751,Sceva,Noun,|Scevas|
2752,school,Noun,|schools|
2753,scorpion,Noun,|scorpions|
2754,Scribe,Noun,|Scribes|
2755,scripture,Noun,|scriptures|
2756,scroll,Noun,|scrolls|
2757,sea Adriatic,Noun,|seas|
2758,Sea Aegean,Noun,|Seas|
2759,Sea Dead,Noun,|Seas|
2760,Sea Mediterranean,Noun,|Seas|
2761,Sea Red,Noun,|Seas|
2762,sea,Noun,|seas|
2763,seah,Noun,|seahs|
2764,seal,Noun,|seals|
2765,Sea of Arabah,Noun,|Seas of Arabah|
2766,Sea of Galilee,Noun,|Seas of Galilee|
2767,season,Noun,|seasons|
2768,seat,Noun,|seats|
2769,Seba,Noun,|Sebas|
2770,second,Noun,|seconds|
2771,secret,Noun,|secrets|
2772,secretary,Noun,|secretaries|
2773,Secundus,Noun,|Secunduses|
2774,seed,Noun,|seeds|
2775,seed coriander,Noun,|seeds|
2776,seed mustard,Noun,|seeds|
2777,Seir,Noun,|Seirs|
2778,Seir,Noun,|Seirs|
2779,Seirah,Noun,|Seirahs|
2780,seizure,Noun,|seizures|
2781,Sekakah,Noun,|Sekakahs|
2782,Seku,Noun,|Sekus|
2783,Sela,Noun,|Selas|
2784,Sela Hammahlekoth,Noun,|Selas Hammahlekoth|
2785,Seleucia,Noun,|Seleucias|
2786,Seleucus II Callinicus,Noun,|Seleucuses|
2787,Seleucus III Ceraunus,Noun,|Seleucuses|
2788,Seleucus I Nicator,Noun,|Seleucuses|
2789,Seleucus IV Philopator,Noun,|Seleucuses|
2790,Semein,Noun,|Semeins|
2791,semen,Noun,|semen|
2792,Senaah,Noun,|Senaahs|
2793,Seneh,Noun,|Senehs|
2794,sentence,Noun,|sentences|
2795,Sephar,Noun,|Sephars|
2796,Serah,Noun,|Serahs|
2797,Seraiah,Noun,|Seraiahs|
2798,Sered,Noun,|Sereds|
2799,Sergius Paulus,Noun,|Sergiuses|
2800,Serug,Noun,|Serugs|
2801,servant,Noun,|servants|
2802,set,Noun,|sets|
2803,Seth,Noun,|Seths|
2804,Shaalabbin,Noun,|Shaalabbins|
2805,Shaalbim,Noun,|Shaalbims|
2806,Shaalbon,Noun,|Shaalbons|
2807,Shaalim,Noun,|Shaalims|
2808,Shaaraim,Noun,|Shaaraims|
2809,Shaashgaz,Noun,|Shaashgazs|
2810,Shabbethai,Noun,|Shabbethais|
2811,shade,Noun,|shade|
2812,shadow,Noun,|shadows|
2813,Shadrach,Noun,|Shadraches|
2814,Shahazumah,Noun,|Shahazumahs|
2815,Shalisha,Noun,|Shalishas|
2816,Shallum,Noun,|Shallums|
2817,Shallun,Noun,|Shalluns|
2818,Shalmai,Noun,|Shalmais|
2819,shame,Noun,|shame|
2820,Shamgar,Noun,|Shamgars|
2821,Shamir,Noun,|Shamirs|
2822,Shammah,Noun,|Shammahs|
2823,Shammua,Noun,|Shammuas|
2824,shape,Noun,|shapes|
2825,Sharar,Noun,|Sharars|
2826,Sharon,Noun,|Sharons|
2827,Sharuhen,Noun,|Sharuhens|
2828,Shaul,Noun,|Shauls|
2829,Shaveh,Noun,|Shavehs|
2830,Shaveh Kiriathaim,Noun,|Shavehs Kiriathaim|
2831,shawl,Noun,|shawls|
2832,sheaf,Noun,|sheaves|
2833,Shealtiel,Noun,|Shealtiels|
2834,sheath,Noun,|sheaths|
2835,Sheba,Noun,|Shebas|
2836,Shebaniah,Noun,|Shebaniahs|
2837,Shechem,Noun,|Shechems|
2838,Shechem,Noun,|Shechems|
2839,sheep,Noun,|sheep|
2840,sheet,Noun,|sheets|
2841,Shekaniah,Noun,|Shekaniahs|
2842,shekel,Noun,|shekels|
2843,Shelah,Noun,|Shelahs|
2844,Shelemiah,Noun,|Shelemiahs|
2845,Sheleph,Noun,|Shelephs|
2846,shell,Noun,|shells|
2847,Shell Publishing,Noun,|Shells Publishing|
2848,shelter,Noun,|shelters|
2849,Shem,Noun,|Shems|
2850,Shema,Noun,|Shemas|
2851,Shemaiah,Noun,|Shemaiahs|
2852,Shemeber,Noun,|Shemebers|
2853,Shemida,Noun,|Shemidas|
2854,Shen,Noun,|Shens|
2855,Sheol,Noun,|Sheols|
2856,Shephatiah,Noun,|Shephatiahs|
2857,shepherd,Noun,|shepherds|
2858,Shepho,Noun,|Shephos|
2859,Sherebiah,Noun,|Sherebiahs|
2860,Sheshai,Noun,|Sheshais|
2861,Shethar,Noun,|Shethars|
2862,Sheva,Noun,|Shevas|
2863,Shibah,Noun,|Shibahs|
2864,Shibboleth,Noun,|Shibboleths|
2865,shield,Noun,|shields|
2866,shigionoth,Noun,|shigionoths|
2867,Shihor Libnath,Noun,|Shihors Libnath|
2868,Shikkeron,Noun,|Shikkerons|
2869,Shilhim,Noun,|Shilhims|
2870,Shillem,Noun,|Shillems|
2871,Shiloh,Noun,|Shilohs|
2872,Shiloh,Noun,|Shilohs|
2873,Shimeah,Noun,|Shimeahs|
2874,Shimei,Noun,|Shimeis|
2875,Shimron,Noun,|Shimrons|
2876,Shimron Meron,Noun,|Shimrons Meron|
2877,Shinab,Noun,|Shinabs|
2878,Shinar,Noun,|Shinars|
2879,Shion,Noun,|Shions|
2880,ship,Noun,|ships|
2881,Shiphrah,Noun,|Shiphrahs|
2882,shirt,Noun,|shirts|
2883,Shisha,Noun,|Shishas|
2884,Shittim,Noun,|Shittims|
2885,Shobab,Noun,|Shobabs|
2886,Shobai,Noun,|Shobais|
2887,Shobak,Noun,|Shobaks|
2888,Shobal,Noun,|Shobals|
2889,Shobek,Noun,|Shobeks|
2890,Shobi,Noun,|Shobis|
2891,shoe,Noun,|shoes|
2892,shore,Noun,|shores|
2893,shoulder,Noun,|shoulders|
2894,Shua,Noun,|Shuas|
2895,Shuah,Noun,|Shuahs|
2896,Shual,Noun,|Shuals|
2897,Shunem,Noun,|Shunems|
2898,Shuni,Noun,|Shunis|
2899,Shur,Noun,|Shurs|
2900,Sia,Noun,|Sias|
2901,Sibbekai,Noun,|Sibbekais|
2902,Sibboleth,Noun,|Sibboleths|
2903,Sibmah,Noun,|Sibmahs|
2904,sickle,Noun,|sickles|
2905,Siddim,Noun,|Siddims|
2906,side,Noun,|sides|
2907,Sidon,Noun,|Sidons|
2908,Sidon,Noun,|Sidons|
2909,Sidonian,Noun,|Sidonians|
2910,sign,Noun,|signs|
2911,Sihon,Noun,|Sihons|
2912,Silas,Noun,|Silases|
2913,Siloam,Noun,|Siloams|
2914,Silvanus,Noun,|Silvanuses|
2915,silver,Noun,|silver|
2916,Simeon,Noun,|Simeons|
2917,Simon,Noun,|Simons|
2918,sin,Noun,|sins|
2919,Sin,Noun,|Sins|
2920,Sinai,Noun,|Sinais|
2921,singer,Noun,|singers|
2922,Sinite,Noun,|Sinites|
2923,sinner,Noun,|sinners|
2924,Siphmoth,Noun,|Siphmoths|
2925,Sirah,Noun,|Sirahs|
2926,Sisera,Noun,|Siseras|
2927,sister,Noun,|sisters|
2928,sister,Noun,|sisters|
2929,sister,Noun,|sisters|
2930,Sithri,Noun,|Sithris|
2931,Sitnah,Noun,|Sitnahs|
2932,Sivan,Noun,|Sivans|
2933,size,Noun,|sizes|
2934,skill,Noun,|skills|
2935,skin,Noun,|skins|
2936,skull,Noun,|skulls|
2937,sky,Noun,|skies|
2938,slave,Noun,|slaves|
2939,sleep,Noun,|sleep|
2940,sling,Noun,|slings|
2941,smell,Noun,|smells|
2942,smoke,Noun,|smoke|
2943,Smyrna,Noun,|Smyrnas|
2944,snake,Noun,|snakes|
2945,snare,Noun,|snares|
2946,snow,Noun,|snow|
2947,soap,Noun,|soap|
2948,Socoh,Noun,|Socohs|
2949,Sodom,Noun,|Sodoms|
2950,soil,Noun,|soil|
2951,Sokoh,Noun,|Sokohs|
2952,soldier,Noun,|soldiers|
2953,Solomon,Noun,|Solomons|
2954,son,Noun,|sons|
2955,Son,Noun,|Sons|
2956,son-in-law,Noun,|sons-in-law|
2957,song,Noun,|songs|
2958,Son of David,Noun,|Sons of David|
2959,Son of God,Noun,|Sons of God|
2960,Son of Man,Noun,|Sons of Man|
2961,Sopater,Noun,|Sopaters|
2962,Sophereth,Noun,|Sophereths|
2963,sorcerer,Noun,|sorcerers|
2964,sore,Noun,|sores|
2965,Sorek,Noun,|Soreks|
2966,Sosthenes,Noun,|Sostheneses|
2967,Sotai,Noun,|Sotais|
2968,Soter,Noun,|Soters|
2969,soul,Noun,|souls|
2970,sound,Noun,|sounds|
2971,South,Noun,|South|
2972,south,Noun,|south|
2973,space,Noun,|spaces|
2974,sparrow,Noun,|sparrows|
2975,spear,Noun,|spears|
2976,speech,Noun,|speeches|
2977,spice,Noun,|spices|
2978,spirit,Noun,|spirits|
2979,Spirit,Noun,|Spirits|
2980,sponge,Noun,|sponges|
2981,spouse,Noun,|spouses|
2982,spring,Noun,|springs|
2983,spring,Noun,|springs|
2984,spy,Noun,|spies|
2985,square,Noun,|squares|
2986,stable,Noun,|stables|
2987,staff,Noun,|staffs|
2988,stair,Noun,|stairs|
2989,stalk,Noun,|stalks|
2990,star,Noun,|stars|
2991,statue,Noun,|statues|
2992,step,Noun,|steps|
2993,Stephen,Noun,|Stephens|
2994,stew,Noun,|stew|
2995,stick,Noun,|sticks|
2996,stocks,Noun,|stocks|
2997,stomach,Noun,|stomachs|
2998,stone,Noun,|stone|
2999,stone,Noun,|stones|
3000,Stone of Bohan,Noun,|Stones of Bohan|
3001,Stone of Zoheleth,Noun,|Stones of Zoheleth|
3002,store,Noun,|stores|
3003,storeroom,Noun,|storerooms|
3004,storm,Noun,|storms|
3005,story,Noun,|stories|
3006,Straight,Noun,|Straights|
3007,stranger,Noun,|strangers|
3008,strap,Noun,|straps|
3009,straw,Noun,|straw|
3010,stream,Noun,|streams|
3011,Stream of Egypt,Noun,|Streams of Egypt|
3012,street,Noun,|streets|
3013,strength,Noun,|strength|
3014,string,Noun,|strings|
3015,string bow,Noun,|strings|
3016,stripe,Noun,|stripes|
3017,structure,Noun,|structures|
3018,student,Noun,|students|
3019,substance,Noun,|substances|
3020,Succoth,Noun,|Succoths|
3021,Sukkoth,Noun,|Sukkoths|
3022,sulfur,Noun,|sulfur|
3023,summer,Noun,|summers|
3024,sun,Noun,|suns|
3025,Sunday,Noun,|Sundaies|
3026,sunrise,Noun,|sunrises|
3027,surface,Noun,|surfaces|
3028,Susa,Noun,|Susas|
3029,Susanna,Noun,|Susannas|
3030,swarm,Noun,|swarms|
3031,sword,Noun,|swords|
3032,Sychar,Noun,|Sychars|
3033,synagogue,Noun,|synagogues|
3034,Syntyche,Noun,|Syntyches|
3035,Syracuse,Noun,|Syracuses|
3036,Syria,Noun,|Syrias|
3037,Syrtis,Noun,|Syrtises|
3038,Taanach,Noun,|Taanaches|
3039,Taanath Shiloh,Noun,|Taanaths Shiloh|
3040,Tabbaoth,Noun,|Tabbaoths|
3041,Tabbath,Noun,|Tabbaths|
3042,tabernacle,Noun,|tabernacles|
3043,Tabitha,Noun,|Tabithas|
3044,table,Noun,|tables|
3045,tablet,Noun,|tablets|
3046,Tabor,Noun,|Tabors|
3047,Tahash,Noun,|Tahashes|
3048,Tahtim Hodshi,Noun,|Tahtims Hodshi|
3049,tail,Noun,|tails|
3050,talent,Noun,|talents|
3051,Talmai,Noun,|Talmais|
3052,Talmon,Noun,|Talmons|
3053,Tamar,Noun,|Tamars|
3054,tambourine,Noun,|tambourines|
3055,Taphath,Noun,|Taphaths|
3056,Tappuah,Noun,|Tappuahs|
3057,tar,Noun,|tar|
3058,Taralah,Noun,|Taralahs|
3059,Tarshish,Noun,|Tarshishes|
3060,Tarshish,Noun,|Tarshishes|
3061,Tarsus,Noun,|Tarsuses|
3062,tax,Noun,|taxes|
3063,teacher,Noun,|teachers|
3064,teaching,Noun,|teachings|
3065,tear,Noun,|tears|
3066,teaspoon,Noun,|teaspoons|
3067,Tebah,Noun,|Tebahs|
3068,Tebah,Noun,|Tebahs|
3069,Tebeth,Noun,|Tebeths|
3070,Tekel,Noun,|Tekel|
3071,Tekoa,Noun,|Tekoas|
3072,Telaim,Noun,|Telaims|
3073,Telem,Noun,|Telems|
3074,Tel Harsha,Noun,|Tels Harsha|
3075,Tel Melah,Noun,|Tels Melah|
3076,Tema,Noun,|Temas|
3077,Temah,Noun,|Temahs|
3078,Teman,Noun,|Temans|
3079,Teman,Noun,|Temans|
3080,Temanite,Noun,|Temanites|
3081,temple,Noun,|temples|
3082,temple,Noun,|temples|
3083,tendon,Noun,|tendons|
3084,tent,Noun,|tents|
3085,tenth,Noun,|tenths|
3086,Terah,Noun,|Terahs|
3087,Teresh,Noun,|Tereshes|
3088,Terpen,Noun,|Terpens|
3089,Tertullus,Noun,|Tertulluses|
3090,Teshi,Noun,|Teshis|
3091,test,Noun,|tests|
3092,testicle,Noun,|testicles|
3093,Thaddaeus,Noun,|Thaddaeuses|
3094,Thebes,Noun,|Thebeses|
3095,Thebez,Noun,|Thebezs|
3096,Theophilus,Noun,|Theophiluses|
3097,there,Noun,|theres|
3098,Thessalonica,Noun,|Thessalonicas|
3099,The Summer Institute of Linguistics,Noun,|Thes Summer Institute of Linguistics|
3100,Theudas,Noun,|Theudases|
3101,thief,Noun,|thieves|
3102,thigh,Noun,|thighs|
3103,thing,Noun,|things|
3104,Thomas,Noun,|Thomases|
3105,thorn,Noun,|thorns|
3106,thought,Noun,|thoughts|
3107,Thrace,Noun,|Thraces|
3108,thread,Noun,|threads|
3109,Three Inns,Noun,|Three Inns|
3110,throat,Noun,|throats|
3111,throne,Noun,|thrones|
3112,thumb,Noun,|thumbs|
3113,Thummim,Noun,|Thummims|
3114,thunder,Noun,|thunder|
3115,Thyatira,Noun,|Thyatiras|
3116,Tiberias,Noun,|Tiberiases|
3117,Tidal,Noun,|Tidals|
3118,Tigris,Noun,|Tigrises|
3119,Timaeus,Noun,|Timaeuses|
3120,time,Noun,|times|
3121,time long,Noun,|times|
3122,time short,Noun,|times|
3123,Timna,Noun,|Timnas|
3124,Timnah,Noun,|Timnahs|
3125,Timnath-Heres,Noun,|Timnath-Hereses|
3126,Timnath Serah,Noun,|Timnaths Serah|
3127,Timon,Noun,|Timons|
3128,Timothy,Noun,|Timothies|
3129,tip,Noun,|tips|
3130,Tiphsah,Noun,|Tiphsahs|
3131,Tiras,Noun,|Tirases|
3132,Tirzah,Noun,|Tirzahs|
3133,tithe,Noun,|tithes|
3134,Titius Justus,Noun,|Titiuses|
3135,Titus,Noun,|Tituses|
3136,Tob,Noun,|Tobs|
3137,Tobiah,Noun,|Tobiahs|
3138,today,Noun,|today|
3139,toe,Noun,|toes|
3140,Togarmah,Noun,|Togarmahs|
3141,Tohu,Noun,|Tohus|
3142,Tola,Noun,|Tolas|
3143,tomb,Noun,|tombs|
3144,tomorrow,Noun,|tomorrows|
3145,ton,Noun,|tons|
3146,tongue,Noun,|tongues|
3147,tool,Noun,|tools|
3148,tooth,Noun,|teeth|
3149,top,Noun,|tops|
3150,topaz,Noun,|topaz|
3151,torch,Noun,|torches|
3152,Tou,Noun,|Tous|
3153,towel,Noun,|towels|
3154,Tower of Hananel,Noun,|Towers|
3155,Tower of the Hundred,Noun,|Towers|
3156,Tower of the Ovens,Noun,|Towers|
3157,tower,Noun,|towers|
3158,town,Noun,|towns|
3159,Traconitis,Noun,|Traconitises|
3160,tradition,Noun,|traditions|
3161,transgression,Noun,|transgressions|
3162,trap,Noun,|traps|
3163,treasure,Noun,|treasures|
3164,treasurer,Noun,|treasurers|
3165,treasury,Noun,|treasuries|
3166,treaty,Noun,|treaties|
3167,tree acacia,Noun,|trees|
3168,tree almond,Noun,|trees|
3169,tree apple,Noun,|trees|
3170,tree cedar,Noun,|trees|
3171,tree cypress,Noun,|trees|
3172,tree mulberry,Noun,|trees|
3173,tree mustard,Noun,|trees|
3174,tree myrtle,Noun,|trees|
3175,tree oak,Noun,|trees|
3176,tree,Noun,|trees|
3177,tree fig,Noun,|trees|
3178,tree olive,Noun,|trees|
3179,tree palm,Noun,|trees|
3180,tree pomegranate,Noun,|trees|
3181,tree poplar,Noun,|trees|
3182,tree sycamore,Noun,|trees|
3183,tree tamarisk,Noun,|trees|
3184,tree of life,Noun,|trees of life|
3185,tree of the knowledge of good and evil,Noun,|trees of the knowledge of good and evil|
3186,trench,Noun,|trenches|
3187,tribe,Noun,|tribes|
3188,Troas,Noun,|Troases|
3189,Trophimus,Noun,|Trophimuses|
3190,trouble,Noun,|trouble|
3191,trough,Noun,|troughs|
3192,trumpet,Noun,|trumpets|
3193,trunk,Noun,|trunks|
3194,truth,Noun,|truth|
3195,Tubal,Noun,|Tubals|
3196,Tubal-Cain,Noun,|Tubal-Cains|
3197,tumor,Noun,|tumors|
3198,tunnel,Noun,|tunnels|
3199,Turkey,Noun,|Turkeies|
3200,twin,Noun,|twins|
3201,Tychicus,Noun,|Tychicuses|
3202,Tyrannus,Noun,|Tyrannuses|
3203,Tyre,Noun,|Tyres|
3204,Ulai,Noun,|Ulais|
3205,Ummah,Noun,|Ummahs|
3206,uncle,Noun,|uncles|
3207,universe,Noun,|universes|
3208,Unni,Noun,|Unnis|
3209,Uphaz,Noun,|Uphazs|
3210,Upper Beth Horon,Noun,|Uppers Beth Horon|
3211,Ur,Noun,|Urs|
3212,Uri,Noun,|Uris|
3213,Uriah,Noun,|Uriahs|
3214,Urim,Noun,|Urims|
3215,Uz,Noun,|Uzs|
3216,Uzai,Noun,|Uzais|
3217,Uzal,Noun,|Uzals|
3218,Uzza,Noun,|Uzzas|
3219,Uzzah,Noun,|Uzzahs|
3220,Uzzi,Noun,|Uzzis|
3221,Uzziah,Noun,|Uzziahs|
3222,Uzziel,Noun,|Uzziels|
3223,vaccine,Noun,|vaccines|
3224,Vaizatha,Noun,|Vaizathas|
3225,Valley King`s,Noun,|Valleies|
3226,valley,Noun,|valleys|
3227,valley Dead Sea,Noun,|valleys|
3228,valley Hebron,Noun,|valleys|
3229,valley Shaveh,Noun,|valleys|
3230,valley Siddim,Noun,|valleys|
3231,Valley of Achor,Noun,|Valleies|
3232,Valley of Aijalon,Noun,|Valleies|
3233,Valley of Arabah,Noun,|Valleies|
3234,Valley of Ben Hinnom,Noun,|Valleies|
3235,Valley of Besor,Noun,|Valleies|
3236,Valley of Elah,Noun,|Valleies|
3237,Valley of Gerar,Noun,|Valleies|
3238,Valley of Giants,Noun,|Valleies|
3239,Valley of Hinnom,Noun,|Valleies|
3240,Valley of Iphtah El,Noun,|Valleies|
3241,Valley of Jehoshaphat,Noun,|Valleies|
3242,Valley of Jezreel,Noun,|Valleies|
3243,Valley of Kanah,Noun,|Valleies|
3244,Valley of Kidron,Noun,|Valleies|
3245,Valley of Mizpah,Noun,|Valleies|
3246,Valley of Rephaim,Noun,|Valleies|
3247,Valley of Salt,Noun,|Valleies|
3248,Valley of Zeboyim,Noun,|Valleies|
3249,value,Noun,|values|
3250,Vashti,Noun,|Vashtis|
3251,vault,Noun,|vaults|
3252,vegetable,Noun,|vegetables|
3253,vehicle,Noun,|vehicles|
3254,veil,Noun,|veils|
3255,verse,Noun,|verses|
3256,veterinarian,Noun,|veterinarians|
3257,village,Noun,|villages|
3258,vine,Noun,|vines|
3259,vinegar,Noun,|vinegar|
3260,vineyard,Noun,|vineyards|
3261,violence,Noun,|violence|
3262,viper,Noun,|vipers|
3263,virgin,Noun,|virgins|
3264,vision,Noun,|visions|
3265,voice,Noun,|voices|
3266,vow,Noun,|vows|
3267,vulture,Noun,|vultures|
3268,Wadi of Egypt,Noun,|Wadis of Egypt|
3269,wage,Noun,|wages|
3270,wagon,Noun,|wagons|
3271,waist,Noun,|waists|
3272,Wall Broad,Noun,|Walls|
3273,Wall of Ophel,Noun,|Walls|
3274,wall,Noun,|walls|
3275,war,Noun,|wars|
3276,warrior,Noun,|warriors|
3277,water,Noun,|water|
3278,Waters of Merom,Noun,|Waterses|
3279,Waters of Nephtoah,Noun,|Waterses|
3280,wave,Noun,|waves|
3281,way,Noun,|ways|
3282,Way,Noun,|Way|
3283,wealth,Noun,|wealth|
3284,weapon,Noun,|weapons|
3285,weather,Noun,|weather|
3286,wedding,Noun,|weddings|
3287,weed,Noun,|weeds|
3288,week,Noun,|weeks|
3289,weight,Noun,|weights|
3290,Well Jackal,Noun,|Wells|
3291,well,Noun,|wells|
3292,west,Noun,|west|
3293,wheat,Noun,|wheat|
3294,wheel,Noun,|wheels|
3295,whip,Noun,|whips|
3296,whirlwind,Noun,|whirlwinds|
3297,widow,Noun,|widows|
3298,width,Noun,|widths|
3299,wife,Noun,|wives|
3300,wilderness,Noun,|wildernesses|
3301,will,Noun,|wills|
3302,wind,Noun,|winds|
3303,wind,Noun,|wind|
3304,window,Noun,|windows|
3305,wine,Noun,|wine|
3306,winepress,Noun,|winepresses|
3307,wineskin,Noun,|wineskins|
3308,wing,Noun,|wings|
3309,winter,Noun,|winters|
3310,wire,Noun,|wires|
3311,wisdom,Noun,|wisdom|
3312,witchcraft,Noun,|witchcraft|
3313,witness,Noun,|witnesses|
3314,wolf,Noun,|wolves|
3315,woman,Noun,|women|
3316,womb,Noun,|wombs|
3317,wonder,Noun,|wonders|
3318,wood,Noun,|wood|
3319,wood acacia,Noun,|wood|
3320,wood almug,Noun,|wood|
3321,wood cedar,Noun,|wood|
3322,wood cypress,Noun,|wood|
3323,wood juniper,Noun,|wood|
3324,wool,Noun,|wool|
3325,word,Noun,|words|
3326,Word,Noun,|Words|
3327,word of life,Noun,|words of life|
3328,work,Noun,|work|
3329,worker,Noun,|workers|
3330,world,Noun,|worlds|
3331,World Vision,Noun,|Worlds Vision|
3332,worm,Noun,|worms|
3333,wormwood,Noun,|wormwood|
3334,wound,Noun,|wounds|
3335,wrath,Noun,|wrath|
3336,wreath,Noun,|wreaths|
3337,Xerxes,Noun,|Xerxeses|
3338,Yahweh,Noun,|Yahwehs|
3339,Yahweh Almighty,Noun,|Yahwehs Almighty|
3340,yard,Noun,|yards|
3341,Yatima,Noun,|Yatimas|
3342,year,Noun,|years|
3343,yeast,Noun,|yeast|
3344,yoke,Noun,|yokes|
3345,Yom Kippur,Noun,|Yoms Kippur|
3346,Zaanannim,Noun,|Zaanannims|
3347,Zaavan,Noun,|Zaavans|
3348,Zabbai,Noun,|Zabbais|
3349,Zabdi,Noun,|Zabdis|
3350,Zabdiel,Noun,|Zabdiels|
3351,Zabud,Noun,|Zabuds|
3352,Zacchaeus,Noun,|Zacchaeuses|
3353,Zadok,Noun,|Zadoks|
3354,Zakkai,Noun,|Zakkais|
3355,Zakkur,Noun,|Zakkurs|
3356,Zalaph,Noun,|Zalaphs|
3357,Zalmon,Noun,|Zalmons|
3358,Zalmunna,Noun,|Zalmunnas|
3359,Zanoah,Noun,|Zanoahs|
3360,Zaphenath-Panea,Noun,|Zaphenath-Paneas|
3361,Zaphon,Noun,|Zaphons|
3362,Zarephath,Noun,|Zarephaths|
3363,Zarethan,Noun,|Zarethans|
3364,Zattu,Noun,|Zattus|
3365,Zealot,Noun,|Zealots|
3366,Zebah,Noun,|Zebahs|
3367,Zebedee,Noun,|Zebedees|
3368,Zeboiim,Noun,|Zeboiims|
3369,Zeboim,Noun,|Zeboims|
3370,Zebul,Noun,|Zebuls|
3371,Zebulun,Noun,|Zebuluns|
3372,Zechariah,Noun,|Zechariahs|
3373,Zedekiah,Noun,|Zedekiahs|
3374,Zeeb,Noun,|Zeebs|
3375,Zela,Noun,|Zelas|
3376,Zelah,Noun,|Zelahs|
3377,Zelek,Noun,|Zeleks|
3378,Zelophehad,Noun,|Zelophehads|
3379,Zelzah,Noun,|Zelzahs|
3380,Zemaraim,Noun,|Zemaraims|
3381,Zemarite,Noun,|Zemarites|
3382,Zenan,Noun,|Zenans|
3383,Zenas,Noun,|Zenases|
3384,Zeno,Noun,|Zenos|
3385,Zephath,Noun,|Zephaths|
3386,Zepho,Noun,|Zephos|
3387,Zephon,Noun,|Zephons|
3388,Zer,Noun,|Zers|
3389,Zerah,Noun,|Zerahs|
3390,Zerephath,Noun,|Zerephaths|
3391,Zererah,Noun,|Zererahs|
3392,Zeresh,Noun,|Zereshes|
3393,Zereth Shahar,Noun,|Zereths Shahar|
3394,Zeror,Noun,|Zerors|
3395,Zerubbabel,Noun,|Zerubbabels|
3396,Zeruiah,Noun,|Zeruiahs|
3397,Zethar,Noun,|Zethars|
3398,Zeus,Noun,|Zeuses|
3399,Ziba,Noun,|Zibas|
3400,Zibeon,Noun,|Zibeons|
3401,Ziddim,Noun,|Ziddims|
3402,Ziha,Noun,|Zihas|
3403,Ziklag,Noun,|Ziklags|
3404,Zikri,Noun,|Zikris|
3405,Zillah,Noun,|Zillahs|
3406,Zilpah,Noun,|Zilpahs|
3407,Zimran,Noun,|Zimrans|
3408,Zimri,Noun,|Zimris|
3409,Zin,Noun,|Zins|
3410,Zion,Noun,|Zions|
3411,Zior,Noun,|Ziors|
3412,Ziph,Noun,|Ziphs|
3413,Zippor,Noun,|Zippors|
3414,Zipporah,Noun,|Zipporahs|
3415,Ziv,Noun,|Zivs|
3416,Zoar,Noun,|Zoars|
3417,Zobah,Noun,|Zobahs|
3418,Zohar,Noun,|Zohars|
3419,Zorah,Noun,|Zorahs|
3420,Zuph,Noun,|Zuphs|
3421,Zur,Noun,|Zurs|
3422,Zuzite,Noun,|Zuzites|
3423,1 Samuel,Noun,|1 Samuel|
3424,1 Thessalonians,Noun,|1 Thessalonians|
3425,2 pm,Noun,|2s pm|
3426,2 Samuel,Noun,|2s Samuel|
3427,2 Thessalonians,Noun,|2 Thessalonians|
3428,3 pm,Noun,|3s pm|
3429,4 pm,Noun,|4s pm|
3430,5 pm,Noun,|5s pm|
3431,9 am,Noun,|9 am|